## E000-E07F	Generic Flags

xx-generic-wht	GENERIC WHITE RECTANGULAR FLAG
xx-generic-ylw	GENERIC YELLOW RECTANGULAR FLAG
xx-generic-org	GENERIC ORANGE RECTANGULAR FLAG
xx-generic-red	GENERIC RED RECTANGULAR FLAG
xx-generic-mag	GENERIC MAGENTA RECTANGULAR FLAG
xx-generic-vlt	GENERIC VIOLET RECTANGULAR FLAG
xx-generic-ind	GENERIC INDIGO RECTANGULAR FLAG
xx-generic-blu	GENERIC BLUE RECTANGULAR FLAG
xx-generic-trq	GENERIC TURQUOISE RECTANGULAR FLAG
xx-generic-grn	GENERIC GREEN RECTANGULAR FLAG
xx-generic-brn	GENERIC BROWN RECTANGULAR FLAG
xx-generic-tan	GENERIC TAN RECTANGULAR FLAG
xx-generic-lgy	GENERIC LIGHT GREY RECTANGULAR FLAG
xx-generic-mgy	GENERIC MEDIUM GREY RECTANGULAR FLAG
xx-generic-dgy	GENERIC DARK GREY RECTANGULAR FLAG
xx-generic-blk	GENERIC BLACK RECTANGULAR FLAG

xx-generic-wht-tpz	GENERIC WHITE TRAPEZOIDAL FLAG
xx-generic-ylw-tpz	GENERIC YELLOW TRAPEZOIDAL FLAG
xx-generic-org-tpz	GENERIC ORANGE TRAPEZOIDAL FLAG
xx-generic-red-tpz	GENERIC RED TRAPEZOIDAL FLAG
xx-generic-mag-tpz	GENERIC MAGENTA TRAPEZOIDAL FLAG
xx-generic-vlt-tpz	GENERIC VIOLET TRAPEZOIDAL FLAG
xx-generic-ind-tpz	GENERIC INDIGO TRAPEZOIDAL FLAG
xx-generic-blu-tpz	GENERIC BLUE TRAPEZOIDAL FLAG
xx-generic-trq-tpz	GENERIC TURQUOISE TRAPEZOIDAL FLAG
xx-generic-grn-tpz	GENERIC GREEN TRAPEZOIDAL FLAG
xx-generic-brn-tpz	GENERIC BROWN TRAPEZOIDAL FLAG
xx-generic-tan-tpz	GENERIC TAN TRAPEZOIDAL FLAG
xx-generic-lgy-tpz	GENERIC LIGHT GREY TRAPEZOIDAL FLAG
xx-generic-mgy-tpz	GENERIC MEDIUM GREY TRAPEZOIDAL FLAG
xx-generic-dgy-tpz	GENERIC DARK GREY TRAPEZOIDAL FLAG
xx-generic-blk-tpz	GENERIC BLACK TRAPEZOIDAL FLAG

xx-generic-wht-tri	GENERIC WHITE TRIANGULAR FLAG
xx-generic-ylw-tri	GENERIC YELLOW TRIANGULAR FLAG
xx-generic-org-tri	GENERIC ORANGE TRIANGULAR FLAG
xx-generic-red-tri	GENERIC RED TRIANGULAR FLAG
xx-generic-mag-tri	GENERIC MAGENTA TRIANGULAR FLAG
xx-generic-vlt-tri	GENERIC VIOLET TRIANGULAR FLAG
xx-generic-ind-tri	GENERIC INDIGO TRIANGULAR FLAG
xx-generic-blu-tri	GENERIC BLUE TRIANGULAR FLAG
xx-generic-trq-tri	GENERIC TURQUOISE TRIANGULAR FLAG
xx-generic-grn-tri	GENERIC GREEN TRIANGULAR FLAG
xx-generic-brn-tri	GENERIC BROWN TRIANGULAR FLAG
xx-generic-tan-tri	GENERIC TAN TRIANGULAR FLAG
xx-generic-lgy-tri	GENERIC LIGHT GREY TRIANGULAR FLAG
xx-generic-mgy-tri	GENERIC MEDIUM GREY TRIANGULAR FLAG
xx-generic-dgy-tri	GENERIC DARK GREY TRIANGULAR FLAG
xx-generic-blk-tri	GENERIC BLACK TRIANGULAR FLAG

xx-generic-wht-swt	GENERIC WHITE SWALLOWTAIL FLAG
xx-generic-ylw-swt	GENERIC YELLOW SWALLOWTAIL FLAG
xx-generic-org-swt	GENERIC ORANGE SWALLOWTAIL FLAG
xx-generic-red-swt	GENERIC RED SWALLOWTAIL FLAG
xx-generic-mag-swt	GENERIC MAGENTA SWALLOWTAIL FLAG
xx-generic-vlt-swt	GENERIC VIOLET SWALLOWTAIL FLAG
xx-generic-ind-swt	GENERIC INDIGO SWALLOWTAIL FLAG
xx-generic-blu-swt	GENERIC BLUE SWALLOWTAIL FLAG
xx-generic-trq-swt	GENERIC TURQUOISE SWALLOWTAIL FLAG
xx-generic-grn-swt	GENERIC GREEN SWALLOWTAIL FLAG
xx-generic-brn-swt	GENERIC BROWN SWALLOWTAIL FLAG
xx-generic-tan-swt	GENERIC TAN SWALLOWTAIL FLAG
xx-generic-lgy-swt	GENERIC LIGHT GREY SWALLOWTAIL FLAG
xx-generic-mgy-swt	GENERIC MEDIUM GREY SWALLOWTAIL FLAG
xx-generic-dgy-swt	GENERIC DARK GREY SWALLOWTAIL FLAG
xx-generic-blk-swt	GENERIC BLACK SWALLOWTAIL FLAG


## E080-E0FF	Signal Flags

xx-ics-ca	ICS SIGNAL FLAG CODE-ANSWER
xx-ics-a	ICS SIGNAL FLAG ALFA
xx-ics-b	ICS SIGNAL FLAG BRAVO
xx-ics-c	ICS SIGNAL FLAG CHARLIE
xx-ics-d	ICS SIGNAL FLAG DELTA
xx-ics-e	ICS SIGNAL FLAG ECHO
xx-ics-f	ICS SIGNAL FLAG FOXTROT
xx-ics-g	ICS SIGNAL FLAG GOLF
xx-ics-h	ICS SIGNAL FLAG HOTEL
xx-ics-i	ICS SIGNAL FLAG INDIA
xx-ics-j	ICS SIGNAL FLAG JULIET
xx-ics-k	ICS SIGNAL FLAG KILO
xx-ics-l	ICS SIGNAL FLAG LIMA
xx-ics-m	ICS SIGNAL FLAG MIKE
xx-ics-n	ICS SIGNAL FLAG NOVEMBER
xx-ics-o	ICS SIGNAL FLAG OSCAR
xx-ics-p	ICS SIGNAL FLAG PAPA
xx-ics-q	ICS SIGNAL FLAG QUEBEC
xx-ics-r	ICS SIGNAL FLAG ROMEO
xx-ics-s	ICS SIGNAL FLAG SIERRA
xx-ics-t	ICS SIGNAL FLAG TANGO
xx-ics-u	ICS SIGNAL FLAG UNIFORM
xx-ics-v	ICS SIGNAL FLAG VICTOR
xx-ics-w	ICS SIGNAL FLAG WHISKEY
xx-ics-x	ICS SIGNAL FLAG XRAY
xx-ics-y	ICS SIGNAL FLAG YANKEE
xx-ics-z	ICS SIGNAL FLAG ZULU
xx-semaphore-jp-l	JAPANESE SEMAPHORE FLAG LEFT
xx-semaphore	SEMAPHORE FLAG
xx-semaphore-jp-r	JAPANESE SEMAPHORE FLAG RIGHT
xx-semaphore-xx-1	SEMAPHORE FLAG ALTERNATE-1
xx-semaphore-xx-2	SEMAPHORE FLAG ALTERNATE-2

xx-ics-0	ICS SIGNAL FLAG DIGIT ZERO
xx-ics-1	ICS SIGNAL FLAG DIGIT ONE
xx-ics-2	ICS SIGNAL FLAG DIGIT TWO
xx-ics-3	ICS SIGNAL FLAG DIGIT THREE
xx-ics-4	ICS SIGNAL FLAG DIGIT FOUR
xx-ics-5	ICS SIGNAL FLAG DIGIT FIVE
xx-ics-6	ICS SIGNAL FLAG DIGIT SIX
xx-ics-7	ICS SIGNAL FLAG DIGIT SEVEN
xx-ics-8	ICS SIGNAL FLAG DIGIT EIGHT
xx-ics-9	ICS SIGNAL FLAG DIGIT NINE
xx-ics-1r	ICS SIGNAL FLAG FIRST REPEATER
xx-ics-2r	ICS SIGNAL FLAG SECOND REPEATER
xx-ics-3r	ICS SIGNAL FLAG THIRD REPEATER
xx-ics-4r	ICS SIGNAL FLAG FOURTH REPEATER
xx-ics-5r	ICS SIGNAL FLAG FIFTH REPEATER
xx-ics-6r	ICS SIGNAL FLAG SIXTH REPEATER

xx-nato-0	NATO SIGNAL FLAG DIGIT ZERO
xx-nato-1	NATO SIGNAL FLAG DIGIT ONE
xx-nato-2	NATO SIGNAL FLAG DIGIT TWO
xx-nato-3	NATO SIGNAL FLAG DIGIT THREE
xx-nato-4	NATO SIGNAL FLAG DIGIT FOUR
xx-nato-5	NATO SIGNAL FLAG DIGIT FIVE
xx-nato-6	NATO SIGNAL FLAG DIGIT SIX
xx-nato-7	NATO SIGNAL FLAG DIGIT SEVEN
xx-nato-8	NATO SIGNAL FLAG DIGIT EIGHT
xx-nato-9	NATO SIGNAL FLAG DIGIT NINE
xx-esperanto-ch	ESPERANTO SIGNAL FLAG CHEFO
xx-esperanto-gh	ESPERANTO SIGNAL FLAG GHIRAFO
xx-esperanto-hh	ESPERANTO SIGNAL FLAG HHAOSO
xx-esperanto-jh	ESPERANTO SIGNAL FLAG JHURNALO
xx-esperanto-sh	ESPERANTO SIGNAL FLAG SHILINGO
xx-esperanto-uu	ESPERANTO SIGNAL FLAG UNIVERSO-HOKO

xx-us-gale-warning	UNITED STATES SIGNAL FLAG GALE WARNING
xx-us-storm-warning	UNITED STATES SIGNAL FLAG STORM OR HURRICANE WARNING
xx-us-diver-down	UNITED STATES SIGNAL FLAG DIVER DOWN
xx-us-distress	UNITED STATES SIGNAL FLAG DISTRESS SIGNAL


## E100-E3FF	ISO Country Code Flags

aa	FLAG FOR AA
ab	FLAG FOR AB
ac; xx-ascensionisland	FLAG FOR ASCENSION ISLAND
ad	FLAG FOR ANDORRA
ae	FLAG FOR UNITED ARAB EMIRATES
af	FLAG FOR AFGHANISTAN
ag	FLAG FOR ANTIGUA AND BARBUDA
ah	FLAG FOR AH
ai	FLAG FOR ANGUILLA
aj	FLAG FOR AJ
ak	FLAG FOR AK
al	FLAG FOR ALBANIA
am	FLAG FOR ARMENIA
an; xx-netherlandsantilles	FLAG FOR NETHERLANDS ANTILLES
ao	FLAG FOR ANGOLA
ap	FLAG FOR AP
aq	FLAG FOR ANTARCTICA
ar	FLAG FOR ARGENTINA
as	FLAG FOR AMERICAN SAMOA
at	FLAG FOR AUSTRIA
au	FLAG FOR AUSTRALIA
av	FLAG FOR AV
aw	FLAG FOR ARUBA
ax	FLAG FOR ALAND ISLANDS
ay	FLAG FOR AY
az	FLAG FOR AZERBAIJAN

ba	FLAG FOR BOSNIA AND HERZEGOVINA
bb	FLAG FOR BARBADOS
bc	FLAG FOR BC
bd	FLAG FOR BANGLADESH
be	FLAG FOR BELGIUM
bf	FLAG FOR BURKINA FASO
bg	FLAG FOR BULGARIA
bh	FLAG FOR BAHRAIN
bi	FLAG FOR BURUNDI
bj	FLAG FOR BENIN
bk	FLAG FOR BK
bl	FLAG FOR ST BARTHELEMY
bm	FLAG FOR BERMUDA
bn	FLAG FOR BRUNEI
bo	FLAG FOR BOLIVIA
bp	FLAG FOR BP
bq	FLAG FOR BONAIRE AND SINT EUSTATIUS AND SABA
br	FLAG FOR BRAZIL
bs	FLAG FOR BAHAMAS
bt	FLAG FOR BHUTAN
bu; xx-burma	FLAG FOR BURMA
bv	FLAG FOR BOUVET ISLAND
bw	FLAG FOR BOTSWANA
bx	FLAG FOR BX
by	FLAG FOR BELARUS
bz	FLAG FOR BELIZE

ca	FLAG FOR CANADA
cb	FLAG FOR CB
cc	FLAG FOR COCOS ISLANDS
cd	FLAG FOR DEMOCRATIC REPUBLIC OF CONGO
ce	FLAG FOR CE
cf	FLAG FOR CENTRAL AFRICAN REPUBLIC
cg	FLAG FOR REPUBLIC OF CONGO
ch	FLAG FOR SWITZERLAND
ci	FLAG FOR COTE DIVOIRE
cj	FLAG FOR CJ
ck	FLAG FOR COOK ISLANDS
cl	FLAG FOR CHILE
cm	FLAG FOR CAMEROON
cn	FLAG FOR CHINA
co	FLAG FOR COLOMBIA
cp; xx-clippertonisland	FLAG FOR CLIPPERTON ISLAND
cq	FLAG FOR SARK
cr	FLAG FOR COSTA RICA
cs; xx-serbiaandmontenegro	FLAG FOR SERBIA AND MONTENEGRO
ct	FLAG FOR CT
cu	FLAG FOR CUBA
cv	FLAG FOR CAPE VERDE
cw	FLAG FOR CURACAO
cx	FLAG FOR CHRISTMAS ISLAND
cy	FLAG FOR CYPRUS
cz	FLAG FOR CZECH REPUBLIC

da	FLAG FOR DA
db	FLAG FOR DB
dc	FLAG FOR DC
dd	FLAG FOR DD
de	FLAG FOR GERMANY
df	FLAG FOR DF
dg; xx-diegogarcia	FLAG FOR DIEGO GARCIA
dh	FLAG FOR DH
di	FLAG FOR DI
dj	FLAG FOR DJIBOUTI
dk	FLAG FOR DENMARK
dl	FLAG FOR DL
dm	FLAG FOR DOMINICA
dn	FLAG FOR DN
do	FLAG FOR DOMINICAN REPUBLIC
dp	FLAG FOR DP
dq	FLAG FOR DQ
dr	FLAG FOR DR
ds	FLAG FOR DS
dt	FLAG FOR DT
du	FLAG FOR DU
dv	FLAG FOR DV
dw	FLAG FOR DW
dx	FLAG FOR DX
dy	FLAG FOR DY
dz	FLAG FOR ALGERIA

ea; xx-ceutaandmelilla	FLAG FOR CEUTA AND MELILLA
eb	FLAG FOR EB
ec	FLAG FOR ECUADOR
ed	FLAG FOR ED
ee	FLAG FOR ESTONIA
ef	FLAG FOR EF
eg	FLAG FOR EGYPT
eh	FLAG FOR WESTERN SAHARA
ei	FLAG FOR EI
ej	FLAG FOR EJ
ek	FLAG FOR EK
el	FLAG FOR EL
em	FLAG FOR EM
en	FLAG FOR EN
eo	FLAG FOR EO
ep	FLAG FOR EP
eq	FLAG FOR EQ
er	FLAG FOR ERITREA
es	FLAG FOR SPAIN
et	FLAG FOR ETHIOPIA
eu; xx-europeanunion	FLAG FOR EUROPEAN UNION
ev	FLAG FOR EV
ew	FLAG FOR EW
ex	FLAG FOR EX
ey	FLAG FOR EY
ez; xx-eurozone	FLAG FOR EUROZONE

fa	FLAG FOR FA
fb	FLAG FOR FB
fc	FLAG FOR FC
fd	FLAG FOR FD
fe	FLAG FOR FE
ff	FLAG FOR FF
fg	FLAG FOR FG
fh	FLAG FOR FH
fi	FLAG FOR FINLAND
fj	FLAG FOR FIJI
fk	FLAG FOR FALKLAND ISLANDS
fl	FLAG FOR FL
fm	FLAG FOR MICRONESIA
fn	FLAG FOR FN
fo	FLAG FOR FAROE ISLANDS
fp	FLAG FOR FP
fq	FLAG FOR FQ
fr	FLAG FOR FRANCE
fs	FLAG FOR FS
ft	FLAG FOR FT
fu	FLAG FOR FU
fv	FLAG FOR FV
fw	FLAG FOR FW
fx; xx-francemetropolitan	FLAG FOR FRANCE-METROPOLITAN
fy	FLAG FOR FY
fz	FLAG FOR FZ

ga	FLAG FOR GABON
gb	FLAG FOR GREAT BRITAIN
gc	FLAG FOR GC
gd	FLAG FOR GRENADA
ge	FLAG FOR GEORGIA
gf	FLAG FOR FRENCH GUIANA
gg	FLAG FOR GUERNSEY
gh	FLAG FOR GHANA
gi	FLAG FOR GIBRALTAR
gj	FLAG FOR GJ
gk	FLAG FOR GK
gl	FLAG FOR GREENLAND
gm	FLAG FOR GAMBIA
gn	FLAG FOR GUINEA
go	FLAG FOR GO
gp	FLAG FOR GUADELOUPE
gq	FLAG FOR EQUATORIAL GUINEA
gr	FLAG FOR GREECE
gs	FLAG FOR SOUTH GEORGIA AND SOUTH SANDWICH ISLANDS
gt	FLAG FOR GUATEMALA
gu	FLAG FOR GUAM
gv	FLAG FOR GV
gw	FLAG FOR GUINEA-BISSAU
gx	FLAG FOR GX
gy	FLAG FOR GUYANA
gz	FLAG FOR GZ

ha	FLAG FOR HA
hb	FLAG FOR HB
hc	FLAG FOR HC
hd	FLAG FOR HD
he	FLAG FOR HE
hf	FLAG FOR HF
hg	FLAG FOR HG
hh	FLAG FOR HH
hi	FLAG FOR HI
hj	FLAG FOR HJ
hk	FLAG FOR HONG KONG
hl	FLAG FOR HL
hm	FLAG FOR HEARD AND MCDONALD ISLANDS
hn	FLAG FOR HONDURAS
ho	FLAG FOR HO
hp	FLAG FOR HP
hq	FLAG FOR HQ
hr	FLAG FOR CROATIA
hs	FLAG FOR HS
ht	FLAG FOR HAITI
hu	FLAG FOR HUNGARY
hv	FLAG FOR HV
hw	FLAG FOR HW
hx	FLAG FOR HX
hy	FLAG FOR HY
hz	FLAG FOR HZ

ia	FLAG FOR IA
ib	FLAG FOR IB
ic; xx-canaryislands	FLAG FOR CANARY ISLANDS
id	FLAG FOR INDONESIA
ie	FLAG FOR IRELAND
if	FLAG FOR IF
ig	FLAG FOR IG
ih	FLAG FOR IH
ii	FLAG FOR II
ij	FLAG FOR IJ
ik	FLAG FOR IK
il	FLAG FOR ISRAEL
im	FLAG FOR ISLE OF MAN
in	FLAG FOR INDIA
io	FLAG FOR BRITISH INDIAN OCEAN TERRITORY
ip	FLAG FOR IP
iq	FLAG FOR IRAQ
ir	FLAG FOR IRAN
is	FLAG FOR ICELAND
it	FLAG FOR ITALY
iu	FLAG FOR IU
iv	FLAG FOR IV
iw	FLAG FOR IW
ix	FLAG FOR IX
iy	FLAG FOR IY
iz	FLAG FOR IZ

ja	FLAG FOR JA
jb	FLAG FOR JB
jc	FLAG FOR JC
jd	FLAG FOR JD
je	FLAG FOR JERSEY
jf	FLAG FOR JF
jg	FLAG FOR JG
jh	FLAG FOR JH
ji	FLAG FOR JI
jj	FLAG FOR JJ
jk	FLAG FOR JK
jl	FLAG FOR JL
jm	FLAG FOR JAMAICA
jn	FLAG FOR JN
jo	FLAG FOR JORDAN
jp	FLAG FOR JAPAN
jq	FLAG FOR JQ
jr	FLAG FOR JR
js	FLAG FOR JS
jt	FLAG FOR JT
ju	FLAG FOR JU
jv	FLAG FOR JV
jw	FLAG FOR JW
jx	FLAG FOR JX
jy	FLAG FOR JY
jz	FLAG FOR JZ

ka	FLAG FOR KA
kb	FLAG FOR KB
kc	FLAG FOR KC
kd	FLAG FOR KD
ke	FLAG FOR KENYA
kf	FLAG FOR KF
kg	FLAG FOR KYRGYZSTAN
kh	FLAG FOR CAMBODIA
ki	FLAG FOR KIRIBATI
kj	FLAG FOR KJ
kk	FLAG FOR KK
kl	FLAG FOR KL
km	FLAG FOR COMOROS
kn	FLAG FOR ST KITTS AND NEVIS
ko	FLAG FOR KO
kp	FLAG FOR NORTH KOREA
kq	FLAG FOR KQ
kr	FLAG FOR SOUTH KOREA
ks	FLAG FOR KS
kt	FLAG FOR KT
ku	FLAG FOR KU
kv	FLAG FOR KV
kw	FLAG FOR KUWAIT
kx	FLAG FOR KX
ky	FLAG FOR CAYMAN ISLANDS
kz	FLAG FOR KAZAKHSTAN

la	FLAG FOR LAOS
lb	FLAG FOR LEBANON
lc	FLAG FOR ST LUCIA
ld	FLAG FOR LD
le	FLAG FOR LE
lf	FLAG FOR LF
lg	FLAG FOR LG
lh	FLAG FOR LH
li	FLAG FOR LIECHTENSTEIN
lj	FLAG FOR LJ
lk	FLAG FOR SRI LANKA
ll	FLAG FOR LL
lm	FLAG FOR LM
ln	FLAG FOR LN
lo	FLAG FOR LO
lp	FLAG FOR LP
lq	FLAG FOR LQ
lr	FLAG FOR LIBERIA
ls	FLAG FOR LESOTHO
lt	FLAG FOR LITHUANIA
lu	FLAG FOR LUXEMBOURG
lv	FLAG FOR LATVIA
lw	FLAG FOR LW
lx	FLAG FOR LX
ly	FLAG FOR LIBYA
lz	FLAG FOR LZ

ma	FLAG FOR MOROCCO
mb	FLAG FOR MB
mc	FLAG FOR MONACO
md	FLAG FOR MOLDOVA
me	FLAG FOR MONTENEGRO
mf	FLAG FOR ST MARTIN
mg	FLAG FOR MADAGASCAR
mh	FLAG FOR MARSHALL ISLANDS
mi	FLAG FOR MI
mj	FLAG FOR MJ
mk	FLAG FOR MACEDONIA
ml	FLAG FOR MALI
mm	FLAG FOR MYANMAR
mn	FLAG FOR MONGOLIA
mo	FLAG FOR MACAO
mp	FLAG FOR NORTHERN MARIANA ISLANDS
mq	FLAG FOR MARTINIQUE
mr	FLAG FOR MAURITANIA
ms	FLAG FOR MONTSERRAT
mt	FLAG FOR MALTA
mu	FLAG FOR MAURITIUS
mv	FLAG FOR MALDIVES
mw	FLAG FOR MALAWI
mx	FLAG FOR MEXICO
my	FLAG FOR MALAYSIA
mz	FLAG FOR MOZAMBIQUE

na	FLAG FOR NAMIBIA
nb	FLAG FOR NB
nc	FLAG FOR NEW CALEDONIA
nd	FLAG FOR ND
ne	FLAG FOR NIGER
nf	FLAG FOR NORFOLK ISLAND
ng	FLAG FOR NIGERIA
nh	FLAG FOR NH
ni	FLAG FOR NICARAGUA
nj	FLAG FOR NJ
nk	FLAG FOR NK
nl	FLAG FOR NETHERLANDS
nm	FLAG FOR NM
nn	FLAG FOR NN
no	FLAG FOR NORWAY
np	FLAG FOR NEPAL
nq	FLAG FOR NQ
nr	FLAG FOR NAURU
ns	FLAG FOR NS
nt; xx-neutralzone	FLAG FOR NEUTRAL ZONE
nu	FLAG FOR NIUE
nv	FLAG FOR NV
nw	FLAG FOR NW
nx	FLAG FOR NX
ny	FLAG FOR NY
nz	FLAG FOR NEW ZEALAND

oa	FLAG FOR OA
ob	FLAG FOR OB
oc	FLAG FOR OC
od	FLAG FOR OD
oe	FLAG FOR OE
of	FLAG FOR OF
og	FLAG FOR OG
oh	FLAG FOR OH
oi	FLAG FOR OI
oj	FLAG FOR OJ
ok	FLAG FOR OK
ol	FLAG FOR OL
om	FLAG FOR OMAN
on	FLAG FOR ON
oo	FLAG FOR OO
op	FLAG FOR OP
oq	FLAG FOR OQ
or	FLAG FOR OR
os	FLAG FOR OS
ot	FLAG FOR OT
ou	FLAG FOR OU
ov	FLAG FOR OV
ow	FLAG FOR OW
ox	FLAG FOR OX
oy	FLAG FOR OY
oz	FLAG FOR OZ

pa	FLAG FOR PANAMA
pb	FLAG FOR PB
pc	FLAG FOR PC
pd	FLAG FOR PD
pe	FLAG FOR PERU
pf	FLAG FOR FRENCH POLYNESIA
pg	FLAG FOR PAPUA NEW GUINEA
ph	FLAG FOR PHILIPPINES
pi	FLAG FOR PI
pj	FLAG FOR PJ
pk	FLAG FOR PAKISTAN
pl	FLAG FOR POLAND
pm	FLAG FOR ST PIERRE AND MIQUELON
pn	FLAG FOR PITCAIRN ISLANDS
po	FLAG FOR PO
pp	FLAG FOR PP
pq	FLAG FOR PQ
pr	FLAG FOR PUERTO RICO
ps	FLAG FOR PALESTINIAN TERRITORIES
pt	FLAG FOR PORTUGAL
pu	FLAG FOR PU
pv	FLAG FOR PV
pw	FLAG FOR PALAU
px	FLAG FOR PX
py	FLAG FOR PARAGUAY
pz	FLAG FOR PZ

qa	FLAG FOR QATAR
qb	FLAG FOR QB
qc	FLAG FOR QC
qd	FLAG FOR QD
qe	FLAG FOR QE
qf	FLAG FOR QF
qg	FLAG FOR QG
qh	FLAG FOR QH
qi	FLAG FOR QI
qj	FLAG FOR QJ
qk	FLAG FOR QK
ql	FLAG FOR QL
qm	FLAG FOR QM
qn	FLAG FOR QN
qo	FLAG FOR QO
qp	FLAG FOR QP
qq	FLAG FOR QQ
qr	FLAG FOR QR
qs	FLAG FOR QS
qt	FLAG FOR QT
qu	FLAG FOR EUROPEAN UNION
qv	FLAG FOR QV
qw	FLAG FOR QW
qx	FLAG FOR QX
qy	FLAG FOR QY
qz	FLAG FOR QZ

ra	FLAG FOR RA
rb	FLAG FOR RB
rc	FLAG FOR RC
rd	FLAG FOR RD
re	FLAG FOR REUNION
rf	FLAG FOR RF
rg	FLAG FOR RG
rh	FLAG FOR RH
ri	FLAG FOR RI
rj	FLAG FOR RJ
rk	FLAG FOR RK
rl	FLAG FOR RL
rm	FLAG FOR RM
rn	FLAG FOR RN
ro	FLAG FOR ROMANIA
rp	FLAG FOR RP
rq	FLAG FOR RQ
rr	FLAG FOR RR
rs	FLAG FOR SERBIA
rt	FLAG FOR RT
ru	FLAG FOR RUSSIA
rv	FLAG FOR RV
rw	FLAG FOR RWANDA
rx	FLAG FOR RX
ry	FLAG FOR RY
rz	FLAG FOR RZ

sa	FLAG FOR SAUDI ARABIA
sb	FLAG FOR SOLOMON ISLANDS
sc	FLAG FOR SEYCHELLES
sd	FLAG FOR SUDAN
se	FLAG FOR SWEDEN
sf; xx-suomifinland	FLAG FOR SUOMI FINLAND
sg	FLAG FOR SINGAPORE
sh	FLAG FOR ST HELENA
si	FLAG FOR SLOVENIA
sj	FLAG FOR SVALBARD AND JAN MAYEN
sk	FLAG FOR SLOVAKIA
sl	FLAG FOR SIERRA LEONE
sm	FLAG FOR SAN MARINO
sn	FLAG FOR SENEGAL
so	FLAG FOR SOMALIA
sp	FLAG FOR SP
sq	FLAG FOR SQ
sr	FLAG FOR SURINAME
ss	FLAG FOR SOUTH SUDAN
st	FLAG FOR SAO TOME AND PRINCIPE
su; xx-ussr; xx-sovietunion	FLAG FOR SOVIET UNION
sv	FLAG FOR EL SALVADOR
sw	FLAG FOR SW
sx	FLAG FOR SINT MAARTEN
sy	FLAG FOR SYRIA
sz	FLAG FOR SWAZILAND

ta; xx-tristandacunha	FLAG FOR TRISTAN DA CUNHA
tb	FLAG FOR TB
tc	FLAG FOR TURKS AND CAICOS ISLANDS
td	FLAG FOR CHAD
te	FLAG FOR TE
tf	FLAG FOR FRENCH SOUTHERN TERRITORIES
tg	FLAG FOR TOGO
th	FLAG FOR THAILAND
ti	FLAG FOR TI
tj	FLAG FOR TAJIKISTAN
tk	FLAG FOR TOKELAU
tl	FLAG FOR TIMOR-LESTE
tm	FLAG FOR TURKMENISTAN
tn	FLAG FOR TUNISIA
to	FLAG FOR TONGA
tp; xx-easttimor; xx-portuguesetimor	FLAG FOR PORTUGUESE TIMOR
tq	FLAG FOR TQ
tr	FLAG FOR TURKEY
ts	FLAG FOR TS
tt	FLAG FOR TRINIDAD AND TOBAGO
tu	FLAG FOR TU
tv	FLAG FOR TUVALU
tw	FLAG FOR TAIWAN
tx	FLAG FOR TX
ty	FLAG FOR TY
tz	FLAG FOR TANZANIA

ua	FLAG FOR UKRAINE
ub	FLAG FOR UB
uc	FLAG FOR UC
ud	FLAG FOR UD
ue	FLAG FOR UE
uf	FLAG FOR UF
ug	FLAG FOR UGANDA
uh	FLAG FOR UH
ui	FLAG FOR UI
uj	FLAG FOR UJ
uk	FLAG FOR UNITED KINGDOM
ul	FLAG FOR UL
um	FLAG FOR US OUTLYING ISLANDS
un; xx-unitednations	FLAG FOR UNITED NATIONS
uo	FLAG FOR UO
up	FLAG FOR UP
uq	FLAG FOR UQ
ur	FLAG FOR UR
us	FLAG FOR UNITED STATES
ut	FLAG FOR UT
uu	FLAG FOR UU
uv	FLAG FOR UV
uw	FLAG FOR UW
ux	FLAG FOR UX
uy	FLAG FOR URUGUAY
uz	FLAG FOR UZBEKISTAN

va	FLAG FOR VATICAN CITY
vb	FLAG FOR VB
vc	FLAG FOR ST VINCENT AND GRENADINES
vd	FLAG FOR VD
ve	FLAG FOR VENEZUELA
vf	FLAG FOR VF
vg	FLAG FOR BRITISH VIRGIN ISLANDS
vh	FLAG FOR VH
vi	FLAG FOR US VIRGIN ISLANDS
vj	FLAG FOR VJ
vk	FLAG FOR VK
vl	FLAG FOR VL
vm	FLAG FOR VM
vn	FLAG FOR VIETNAM
vo	FLAG FOR VO
vp	FLAG FOR VP
vq	FLAG FOR VQ
vr	FLAG FOR VR
vs	FLAG FOR VS
vt	FLAG FOR VT
vu	FLAG FOR VANUATU
vv	FLAG FOR VV
vw	FLAG FOR VW
vx	FLAG FOR VX
vy	FLAG FOR VY
vz	FLAG FOR VZ

wa	FLAG FOR WA
wb	FLAG FOR WB
wc	FLAG FOR WC
wd	FLAG FOR WD
we	FLAG FOR WE
wf	FLAG FOR WALLIS AND FUTUNA
wg	FLAG FOR WG
wh	FLAG FOR WH
wi	FLAG FOR WI
wj	FLAG FOR WJ
wk	FLAG FOR WK
wl	FLAG FOR WL
wm	FLAG FOR WM
wn	FLAG FOR WN
wo	FLAG FOR WO
wp	FLAG FOR WP
wq	FLAG FOR WQ
wr	FLAG FOR WR
ws	FLAG FOR WESTERN SAMOA
wt	FLAG FOR WT
wu	FLAG FOR WU
wv	FLAG FOR WV
ww	FLAG FOR WW
wx	FLAG FOR WX
wy	FLAG FOR WY
wz	FLAG FOR WZ

xa	FLAG FOR CANARY ISLANDS
xb	FLAG FOR XB
xc	FLAG FOR XC
xd	FLAG FOR XD
xe	FLAG FOR ENGLAND
xf	FLAG FOR XF
xg	FLAG FOR XG
xh	FLAG FOR XH
xi	FLAG FOR XI
xj	FLAG FOR XJ
xk; xx-kosovo	FLAG FOR KOSOVO
xl	FLAG FOR XL
xm	FLAG FOR XM
xn	FLAG FOR XN
xo	FLAG FOR XO
xp	FLAG FOR XP
xq	FLAG FOR XQ
xr	FLAG FOR XR
xs	FLAG FOR SCOTLAND
xt	FLAG FOR XT
xu	FLAG FOR XU
xv	FLAG FOR XV
xw	FLAG FOR WALES
xx	FLAG FOR XX
xy	FLAG FOR XY
xz	FLAG FOR XZ

ya	FLAG FOR YA
yb	FLAG FOR YB
yc	FLAG FOR YC
yd	FLAG FOR YD
ye	FLAG FOR YEMEN
yf	FLAG FOR YF
yg	FLAG FOR YG
yh	FLAG FOR YH
yi	FLAG FOR YI
yj	FLAG FOR YJ
yk	FLAG FOR YK
yl	FLAG FOR YL
ym	FLAG FOR YM
yn	FLAG FOR YN
yo	FLAG FOR YO
yp	FLAG FOR YP
yq	FLAG FOR YQ
yr	FLAG FOR YR
ys	FLAG FOR YS
yt	FLAG FOR MAYOTTE
yu; xx-yugoslavia	FLAG FOR YUGOSLAVIA
yv	FLAG FOR YV
yw	FLAG FOR YW
yx	FLAG FOR YX
yy	FLAG FOR YY
yz	FLAG FOR YZ

za	FLAG FOR SOUTH AFRICA
zb	FLAG FOR ZB
zc	FLAG FOR ZC
zd	FLAG FOR ZD
ze	FLAG FOR ZE
zf	FLAG FOR ZF
zg	FLAG FOR ZG
zh	FLAG FOR ZH
zi	FLAG FOR ZI
zj	FLAG FOR ZJ
zk	FLAG FOR ZK
zl	FLAG FOR ZL
zm	FLAG FOR ZAMBIA
zn	FLAG FOR ZN
zo	FLAG FOR ZO
zp	FLAG FOR ZP
zq	FLAG FOR ZQ
zr; xx-zaire	FLAG FOR ZAIRE
zs	FLAG FOR ZS
zt	FLAG FOR ZT
zu	FLAG FOR ZU
zv	FLAG FOR ZV
zw	FLAG FOR ZIMBABWE
zx	FLAG FOR ZX
zy	FLAG FOR ZY
zz	FLAG FOR UNKNOWN OR INVALID TERRITORY


## E400-E4FF	North American Flags

us-dc; xx-districtofcolumbia	FLAG FOR UNITED STATES-DISTRICT OF COLUMBIA
us-de; xx-delaware	FLAG FOR UNITED STATES-DELAWARE
us-pa; xx-pennsylvania	FLAG FOR UNITED STATES-PENNSYLVANIA
us-nj; xx-newjersey	FLAG FOR UNITED STATES-NEW JERSEY
us-ga; xx-georgia	FLAG FOR UNITED STATES-GEORGIA
us-ct; xx-connecticut	FLAG FOR UNITED STATES-CONNECTICUT
us-ma; xx-massachusetts	FLAG FOR UNITED STATES-MASSACHUSETTS
us-md; xx-maryland	FLAG FOR UNITED STATES-MARYLAND
us-sc; xx-southcarolina	FLAG FOR UNITED STATES-SOUTH CAROLINA
us-nh; xx-newhampshire	FLAG FOR UNITED STATES-NEW HAMPSHIRE
us-va; xx-virginia	FLAG FOR UNITED STATES-VIRGINIA
us-ny; xx-newyork	FLAG FOR UNITED STATES-NEW YORK
us-nc; xx-northcarolina	FLAG FOR UNITED STATES-NORTH CAROLINA
us-ri; xx-rhodeisland	FLAG FOR UNITED STATES-RHODE ISLAND
us-vt; xx-vermont	FLAG FOR UNITED STATES-VERMONT
us-ky; xx-kentucky	FLAG FOR UNITED STATES-KENTUCKY
us-tn; xx-tennessee	FLAG FOR UNITED STATES-TENNESSEE
us-oh; xx-ohio	FLAG FOR UNITED STATES-OHIO
us-la; xx-louisiana	FLAG FOR UNITED STATES-LOUISIANA
us-in; xx-indiana	FLAG FOR UNITED STATES-INDIANA
us-ms; xx-mississippi	FLAG FOR UNITED STATES-MISSISSIPPI
us-il; xx-illinois	FLAG FOR UNITED STATES-ILLINOIS
us-al; xx-alabama	FLAG FOR UNITED STATES-ALABAMA
us-me; xx-maine	FLAG FOR UNITED STATES-MAINE
us-mo; xx-missouri	FLAG FOR UNITED STATES-MISSOURI
us-ar; xx-arkansas	FLAG FOR UNITED STATES-ARKANSAS
us-mi; xx-michigan	FLAG FOR UNITED STATES-MICHIGAN
us-fl; xx-florida	FLAG FOR UNITED STATES-FLORIDA
us-tx; xx-texas	FLAG FOR UNITED STATES-TEXAS
us-ia; xx-iowa	FLAG FOR UNITED STATES-IOWA
us-wi; xx-wisconsin	FLAG FOR UNITED STATES-WISCONSIN
us-ca; xx-california	FLAG FOR UNITED STATES-CALIFORNIA
us-mn; xx-minnesota	FLAG FOR UNITED STATES-MINNESOTA
us-or; xx-oregon	FLAG FOR UNITED STATES-OREGON
us-ks; xx-kansas	FLAG FOR UNITED STATES-KANSAS
us-wv; xx-westvirginia	FLAG FOR UNITED STATES-WEST VIRGINIA
us-nv; xx-nevada	FLAG FOR UNITED STATES-NEVADA
us-ne; xx-nebraska	FLAG FOR UNITED STATES-NEBRASKA
us-co; xx-colorado	FLAG FOR UNITED STATES-COLORADO
us-nd; xx-northdakota	FLAG FOR UNITED STATES-NORTH DAKOTA
us-sd; xx-southdakota	FLAG FOR UNITED STATES-SOUTH DAKOTA
us-mt; xx-montana	FLAG FOR UNITED STATES-MONTANA
us-wa; xx-washington	FLAG FOR UNITED STATES-WASHINGTON
us-id; xx-idaho	FLAG FOR UNITED STATES-IDAHO
us-wy; xx-wyoming	FLAG FOR UNITED STATES-WYOMING
us-ut; xx-utah	FLAG FOR UNITED STATES-UTAH
us-ok; xx-oklahoma	FLAG FOR UNITED STATES-OKLAHOMA
us-nm; xx-newmexico	FLAG FOR UNITED STATES-NEW MEXICO
us-az; xx-arizona	FLAG FOR UNITED STATES-ARIZONA
us-ak; xx-alaska	FLAG FOR UNITED STATES-ALASKA
us-hi; xx-hawaii	FLAG FOR UNITED STATES-HAWAII
xx-northtakoma	FLAG FOR UNITED STATES-NORTH TAKOMA

ca-on; xx-ontario	FLAG FOR CANADA-ONTARIO
ca-qc; xx-quebec	FLAG FOR CANADA-QUEBEC
ca-ns; xx-novascotia	FLAG FOR CANADA-NOVA SCOTIA
ca-nb; xx-newbrunswick	FLAG FOR CANADA-NEW BRUNSWICK
ca-mb; xx-manitoba	FLAG FOR CANADA-MANITOBA
ca-nt; xx-northwestterritories	FLAG FOR CANADA-NORTHWEST TERRITORIES
ca-bc; xx-britishcolumbia	FLAG FOR CANADA-BRITISH COLUMBIA
ca-pe; xx-princeedwardisland	FLAG FOR CANADA-PRINCE EDWARD ISLAND
ca-yt; xx-yukon	FLAG FOR CANADA-YUKON
ca-sk; xx-saskatchewan	FLAG FOR CANADA-SASKATCHEWAN
ca-ab; xx-alberta	FLAG FOR CANADA-ALBERTA
ca-nl; xx-newfoundlandandlabrador	FLAG FOR CANADA-NEWFOUNDLAND AND LABRADOR
ca-nu; xx-nunavut	FLAG FOR CANADA-NUNAVUT

us-nyc; xx-newyorkcity	FLAG FOR UNITED STATES-NEW YORK-NEW YORK
us-chi; xx-chicago	FLAG FOR UNITED STATES-ILLINOIS-CHICAGO
us-den; xx-denver	FLAG FOR UNITED STATES-COLORADO-DENVER
us-phx; xx-phoenix	FLAG FOR UNITED STATES-ARIZONA-PHOENIX
us-pdx; xx-portland	FLAG FOR UNITED STATES-OREGON-PORTLAND
us-pih; xx-pocatello	FLAG FOR UNITED STATES-IDAHO-POCATELLO
us-sfo; xx-sanfrancisco	FLAG FOR UNITED STATES-CALIFORNIA-SAN FRANCISCO
us-lax; xx-losangeles	FLAG FOR UNITED STATES-CALIFORNIA-LOS ANGELES
us-ana; xx-anaheim	FLAG FOR UNITED STATES-CALIFORNIA-ANAHEIM
xx-maegnolyun	MAEGNOLYUN FLAG
xx-cascadia	FLAG FOR CASCADIA

mx-cmx; xx-ciudaddemexico	FLAG FOR MEXICO-MEXICO CITY
mx-mex; xx-mexico	FLAG FOR MEXICO-MEXICO
mx-gua; xx-guanajuato	FLAG FOR MEXICO-GUANAJUATO
mx-oax; xx-oaxaca	FLAG FOR MEXICO-OAXACA
mx-pue; xx-puebla	FLAG FOR MEXICO-PUEBLA
mx-mic; xx-michoacan	FLAG FOR MEXICO-MICHOACAN
mx-slp; xx-sanluispotosi	FLAG FOR MEXICO-SAN LUIS POTOSI
mx-ver; xx-veracruz	FLAG FOR MEXICO-VERACRUZ
mx-yuc; xx-yucatan	FLAG FOR MEXICO-YUCATAN
mx-jal; xx-jalisco	FLAG FOR MEXICO-JALISCO
mx-zac; xx-zacatecas	FLAG FOR MEXICO-ZACATECAS
mx-que; xx-queretaro	FLAG FOR MEXICO-QUERETARO
mx-son; xx-sonora	FLAG FOR MEXICO-SONORA
mx-tab; xx-tabasco	FLAG FOR MEXICO-TABASCO
mx-tam; xx-tamaulipas	FLAG FOR MEXICO-TAMAULIPAS
mx-nle; xx-nuevoleon	FLAG FOR MEXICO-NUEVO LEON
mx-coa; xx-coahuila	FLAG FOR MEXICO-COAHUILA
mx-dur; xx-durango	FLAG FOR MEXICO-DURANGO
mx-chh; xx-chihuahua	FLAG FOR MEXICO-CHIHUAHUA
mx-chp; xx-chiapas	FLAG FOR MEXICO-CHIAPAS
mx-sin; xx-sinaloa	FLAG FOR MEXICO-SINALOA
mx-gro; xx-guerrero	FLAG FOR MEXICO-GUERRERO
mx-tla; xx-tlaxcala	FLAG FOR MEXICO-TLAXCALA
mx-col; xx-colima	FLAG FOR MEXICO-COLIMA
mx-agu; xx-aguascalientes	FLAG FOR MEXICO-AGUASCALIENTES
mx-cam; xx-campeche	FLAG FOR MEXICO-CAMPECHE
mx-hid; xx-hidalgo	FLAG FOR MEXICO-HIDALGO
mx-mor; xx-morelos	FLAG FOR MEXICO-MORELOS
mx-nay; xx-nayarit	FLAG FOR MEXICO-NAYARIT
mx-bcn; xx-bajacalifornia	FLAG FOR MEXICO-BAJA CALIFORNIA
mx-roo; xx-quintanaroo	FLAG FOR MEXICO-QUINTANA ROO
mx-bcs; xx-bajacaliforniasur	FLAG FOR MEXICO-BAJA CALIFORNIA SUR

um-67; xx-johnstonatoll	FLAG FOR JOHNSTON ATOLL
um-71; xx-midwayislands	FLAG FOR MIDWAY ISLANDS
um-76; xx-navassaisland	FLAG FOR NAVASSA ISLAND
um-79; xx-wakeisland	FLAG FOR WAKE ISLAND
um-81; xx-bakerisland	FLAG FOR BAKER ISLAND
um-84; xx-howlandisland	FLAG FOR HOWLAND ISLAND
um-86; xx-jarvisisland	FLAG FOR JARVIS ISLAND
um-89; xx-kingmanreef	FLAG FOR KINGMAN REEF
um-95; xx-palmyraatoll	FLAG FOR PALMYRA ATOLL

xx-na-us	FLAG FOR NATIVE PEOPLES-UNITED STATES
xx-na-ca	FLAG FOR NATIVE PEOPLES-CANADA
xx-na-mx	FLAG FOR NATIVE PEOPLES-MEXICO
xx-na-cherokee	FLAG FOR NATIVE PEOPLES-CHEROKEE
xx-na-chickasaw	FLAG FOR NATIVE PEOPLES-CHICKASAW
xx-na-choctaw	FLAG FOR NATIVE PEOPLES-CHOCTAW
xx-na-easternshawnee	FLAG FOR NATIVE PEOPLES-EASTERN SHAWNEE
xx-na-hopi	FLAG FOR NATIVE PEOPLES-HOPI
xx-na-iroquois	FLAG FOR NATIVE PEOPLES-IROQUOIS
xx-na-lakota	FLAG FOR NATIVE PEOPLES-LAKOTA
xx-na-miccosukee	FLAG FOR NATIVE PEOPLES-MICCOSUKEE
xx-na-navajo	FLAG FOR NATIVE PEOPLES-NAVAJO
xx-na-northerncheyenne	FLAG FOR NATIVE PEOPLES-NORTHERN CHEYENNE
xx-na-quapaw	FLAG FOR NATIVE PEOPLES-QUAPAW
xx-na-shawnee	FLAG FOR NATIVE PEOPLES-SHAWNEE
xx-na-spokane	FLAG FOR NATIVE PEOPLES-SPOKANE


## E500-E5FF	British Flags

gb-ukm; uk-ukm; xx-unitedkingdom	FLAG FOR REGION OF UNITED KINGDOM
gb-gbn; uk-gbn; xx-greatbritain	FLAG FOR REGION OF GREAT BRITAIN
gb-eaw; uk-eaw; xx-englandandwales	FLAG FOR REGION OF ENGLAND AND WALES
gb-eng; uk-eng; xx-england	FLAG FOR REGION OF ENGLAND
gb-wls; uk-wls; xx-wales	FLAG FOR REGION OF WALES
gb-sct; uk-sct; xx-scotland	FLAG FOR REGION OF SCOTLAND
gb-nir; uk-nir; xx-northernireland	FLAG FOR REGION OF NORTHERN IRELAND
xx-scotchirish	FLAG FOR SCOTS-IRISH

gb-bkm; uk-bkm	FLAG FOR ENGLAND-BUCKINGHAMSHIRE
gb-cam; uk-cam	FLAG FOR ENGLAND-CAMBRIDGESHIRE
gb-cma; uk-cma	FLAG FOR ENGLAND-CUMBRIA
gb-dby; uk-dby	FLAG FOR ENGLAND-DERBYSHIRE
gb-dev; uk-dev	FLAG FOR ENGLAND-DEVON
gb-dor; uk-dor	FLAG FOR ENGLAND-DORSET
gb-esx; uk-esx	FLAG FOR ENGLAND-EAST SUSSEX
gb-ess; uk-ess	FLAG FOR ENGLAND-ESSEX
gb-gls; uk-gls	FLAG FOR ENGLAND-GLOUCESTERSHIRE
gb-ham; uk-ham	FLAG FOR ENGLAND-HAMPSHIRE
gb-hrt; uk-hrt	FLAG FOR ENGLAND-HERTFORDSHIRE
gb-ken; uk-ken	FLAG FOR ENGLAND-KENT
gb-lan; uk-lan	FLAG FOR ENGLAND-LANCASHIRE
gb-lec; uk-lec	FLAG FOR ENGLAND-LEICESTERSHIRE
gb-lin; uk-lin	FLAG FOR ENGLAND-LINCOLNSHIRE
gb-nfk; uk-nfk	FLAG FOR ENGLAND-NORFOLK
gb-nyk; uk-nyk	FLAG FOR ENGLAND-NORTH YORKSHIRE
gb-nth; uk-nth	FLAG FOR ENGLAND-NORTHAMPTONSHIRE
gb-ntt; uk-ntt	FLAG FOR ENGLAND-NOTTINGHAMSHIRE
gb-oxf; uk-oxf	FLAG FOR ENGLAND-OXFORDSHIRE
gb-som; uk-som	FLAG FOR ENGLAND-SOMERSET
gb-sts; uk-sts	FLAG FOR ENGLAND-STAFFORDSHIRE
gb-sfk; uk-sfk	FLAG FOR ENGLAND-SUFFOLK
gb-sry; uk-sry	FLAG FOR ENGLAND-SURREY
gb-war; uk-war	FLAG FOR ENGLAND-WARWICKSHIRE
gb-wsx; uk-wsx	FLAG FOR ENGLAND-WEST SUSSEX
gb-wor; uk-wor	FLAG FOR ENGLAND-WORCESTERSHIRE
gb-lnd; uk-lnd	FLAG FOR ENGLAND-CITY OF LONDON
gb-bdg; uk-bdg	FLAG FOR ENGLAND-BARKING AND DAGENHAM
gb-bne; uk-bne	FLAG FOR ENGLAND-BARNET
gb-bex; uk-bex	FLAG FOR ENGLAND-BEXLEY
gb-ben; uk-ben	FLAG FOR ENGLAND-BRENT
gb-bry; uk-bry	FLAG FOR ENGLAND-BROMLEY
gb-cmd; uk-cmd	FLAG FOR ENGLAND-CAMDEN
gb-cry; uk-cry	FLAG FOR ENGLAND-CROYDON
gb-eal; uk-eal	FLAG FOR ENGLAND-EALING
gb-enf; uk-enf	FLAG FOR ENGLAND-ENFIELD
gb-gre; uk-gre	FLAG FOR ENGLAND-GREENWICH
gb-hck; uk-hck	FLAG FOR ENGLAND-HACKNEY
gb-hmf; uk-hmf	FLAG FOR ENGLAND-HAMMERSMITH AND FULHAM
gb-hry; uk-hry	FLAG FOR ENGLAND-HARINGEY
gb-hrw; uk-hrw	FLAG FOR ENGLAND-HARROW
gb-hav; uk-hav	FLAG FOR ENGLAND-HAVERING
gb-hil; uk-hil	FLAG FOR ENGLAND-HILLINGDON
gb-hns; uk-hns	FLAG FOR ENGLAND-HOUNSLOW
gb-isl; uk-isl	FLAG FOR ENGLAND-ISLINGTON
gb-kec; uk-kec	FLAG FOR ENGLAND-KENSINGTON AND CHELSEA
gb-ktt; uk-ktt	FLAG FOR ENGLAND-KINGSTON UPON THAMES
gb-lbh; uk-lbh	FLAG FOR ENGLAND-LAMBETH
gb-lew; uk-lew	FLAG FOR ENGLAND-LEWISHAM
gb-mrt; uk-mrt	FLAG FOR ENGLAND-MERTON
gb-nwm; uk-nwm	FLAG FOR ENGLAND-NEWHAM
gb-rdb; uk-rdb	FLAG FOR ENGLAND-REDBRIDGE
gb-ric; uk-ric	FLAG FOR ENGLAND-RICHMOND UPON THAMES
gb-swk; uk-swk	FLAG FOR ENGLAND-SOUTHWARK
gb-stn; uk-stn	FLAG FOR ENGLAND-SUTTON
gb-twh; uk-twh	FLAG FOR ENGLAND-TOWER HAMLETS
gb-wft; uk-wft	FLAG FOR ENGLAND-WALTHAM FOREST
gb-wnd; uk-wnd	FLAG FOR ENGLAND-WANDSWORTH
gb-wsm; uk-wsm	FLAG FOR ENGLAND-WESTMINSTER
gb-bns; uk-bns	FLAG FOR ENGLAND-BARNSLEY
gb-bir; uk-bir	FLAG FOR ENGLAND-BIRMINGHAM
gb-bol; uk-bol	FLAG FOR ENGLAND-BOLTON
gb-brd; uk-brd	FLAG FOR ENGLAND-BRADFORD
gb-bur; uk-bur	FLAG FOR ENGLAND-BURY
gb-cld; uk-cld	FLAG FOR ENGLAND-CALDERDALE
gb-cov; uk-cov	FLAG FOR ENGLAND-COVENTRY
gb-dnc; uk-dnc	FLAG FOR ENGLAND-DONCASTER
gb-dud; uk-dud	FLAG FOR ENGLAND-DUDLEY
gb-gat; uk-gat	FLAG FOR ENGLAND-GATESHEAD
gb-kir; uk-kir	FLAG FOR ENGLAND-KIRKLEES
gb-kwl; uk-kwl	FLAG FOR ENGLAND-KNOWSLEY
gb-lds; uk-lds	FLAG FOR ENGLAND-LEEDS
gb-liv; uk-liv	FLAG FOR ENGLAND-LIVERPOOL
gb-man; uk-man	FLAG FOR ENGLAND-MANCHESTER
gb-net; uk-net	FLAG FOR ENGLAND-NEWCASTLE UPON TYNE
gb-nty; uk-nty	FLAG FOR ENGLAND-NORTH TYNESIDE
gb-old; uk-old	FLAG FOR ENGLAND-OLDHAM
gb-rch; uk-rch	FLAG FOR ENGLAND-ROCHDALE
gb-rot; uk-rot	FLAG FOR ENGLAND-ROTHERHAM
gb-shn; uk-shn	FLAG FOR ENGLAND-ST HELENS
gb-slf; uk-slf	FLAG FOR ENGLAND-SALFORD
gb-saw; uk-saw	FLAG FOR ENGLAND-SANDWELL
gb-sft; uk-sft	FLAG FOR ENGLAND-SEFTON
gb-shf; uk-shf	FLAG FOR ENGLAND-SHEFFIELD
gb-sol; uk-sol	FLAG FOR ENGLAND-SOLIHULL
gb-sty; uk-sty	FLAG FOR ENGLAND-SOUTH TYNESIDE
gb-skp; uk-skp	FLAG FOR ENGLAND-STOCKPORT
gb-snd; uk-snd	FLAG FOR ENGLAND-SUNDERLAND
gb-tam; uk-tam	FLAG FOR ENGLAND-TAMESIDE
gb-trf; uk-trf	FLAG FOR ENGLAND-TRAFFORD
gb-wkf; uk-wkf	FLAG FOR ENGLAND-WAKEFIELD
gb-wll; uk-wll	FLAG FOR ENGLAND-WALSALL
gb-wgn; uk-wgn	FLAG FOR ENGLAND-WIGAN
gb-wrl; uk-wrl	FLAG FOR ENGLAND-WIRRAL
gb-wlv; uk-wlv	FLAG FOR ENGLAND-WOLVERHAMPTON
gb-bas; uk-bas	FLAG FOR ENGLAND-BATH AND NORTH EAST SOMERSET
gb-bdf; uk-bdf	FLAG FOR ENGLAND-BEDFORD
gb-bbd; uk-bbd	FLAG FOR ENGLAND-BLACKBURN WITH DARWEN
gb-bpl; uk-bpl	FLAG FOR ENGLAND-BLACKPOOL
gb-bmh; uk-bmh	FLAG FOR ENGLAND-BOURNEMOUTH
gb-brc; uk-brc	FLAG FOR ENGLAND-BRACKNELL FOREST
gb-bnh; uk-bnh	FLAG FOR ENGLAND-BRIGHTON AND HOVE
gb-bst; uk-bst	FLAG FOR ENGLAND-CITY OF BRISTOL
gb-cbf; uk-cbf	FLAG FOR ENGLAND-CENTRAL BEDFORDSHIRE
gb-che; uk-che	FLAG FOR ENGLAND-CHESHIRE EAST
gb-chw; uk-chw	FLAG FOR ENGLAND-CHESHIRE WEST AND CHESTER
gb-con; uk-con	FLAG FOR ENGLAND-CORNWALL
gb-dal; uk-dal	FLAG FOR ENGLAND-DARLINGTON
gb-der; uk-der	FLAG FOR ENGLAND-DERBY
gb-dur; uk-dur	FLAG FOR ENGLAND-COUNTY OF DURHAM
gb-ery; uk-ery	FLAG FOR ENGLAND-EAST RIDING OF YORKSHIRE
gb-hal; uk-hal	FLAG FOR ENGLAND-HALTON
gb-hpl; uk-hpl	FLAG FOR ENGLAND-HARTLEPOOL
gb-hef; uk-hef	FLAG FOR ENGLAND-HEREFORDSHIRE
gb-iow; uk-iow	FLAG FOR ENGLAND-ISLE OF WIGHT
gb-ios; uk-ios	FLAG FOR ENGLAND-ISLES OF SCILLY
gb-khl; uk-khl	FLAG FOR ENGLAND-KINGSTON UPON HULL
gb-lce; uk-lce	FLAG FOR ENGLAND-LEICESTER
gb-lut; uk-lut	FLAG FOR ENGLAND-LUTON
gb-mdw; uk-mdw	FLAG FOR ENGLAND-MEDWAY
gb-mdb; uk-mdb	FLAG FOR ENGLAND-MIDDLESBROUGH
gb-mik; uk-mik	FLAG FOR ENGLAND-MILTON KEYNES
gb-nel; uk-nel	FLAG FOR ENGLAND-NORTH EAST LINCOLNSHIRE
gb-nln; uk-nln	FLAG FOR ENGLAND-NORTH LINCOLNSHIRE
gb-nsm; uk-nsm	FLAG FOR ENGLAND-NORTH SOMERSET
gb-nbl; uk-nbl	FLAG FOR ENGLAND-NORTHUMBERLAND
gb-ngm; uk-ngm	FLAG FOR ENGLAND-NOTTINGHAM
gb-pte; uk-pte	FLAG FOR ENGLAND-PETERBOROUGH
gb-ply; uk-ply	FLAG FOR ENGLAND-PLYMOUTH
gb-pol; uk-pol	FLAG FOR ENGLAND-POOLE
gb-por; uk-por	FLAG FOR ENGLAND-PORTSMOUTH
gb-rdg; uk-rdg	FLAG FOR ENGLAND-READING
gb-rcc; uk-rcc	FLAG FOR ENGLAND-REDCAR AND CLEVELAND
gb-rut; uk-rut	FLAG FOR ENGLAND-RUTLAND
gb-shr; uk-shr	FLAG FOR ENGLAND-SHROPSHIRE
gb-slg; uk-slg	FLAG FOR ENGLAND-SLOUGH
gb-sgc; uk-sgc	FLAG FOR ENGLAND-SOUTH GLOUCESTERSHIRE
gb-sth; uk-sth	FLAG FOR ENGLAND-SOUTHAMPTON
gb-sos; uk-sos	FLAG FOR ENGLAND-SOUTHEND-ON-SEA
gb-stt; uk-stt	FLAG FOR ENGLAND-STOCKTON-ON-TEES
gb-ste; uk-ste	FLAG FOR ENGLAND-STOKE-ON-TRENT
gb-swd; uk-swd	FLAG FOR ENGLAND-SWINDON
gb-tfw; uk-tfw	FLAG FOR ENGLAND-TELFORD AND WREKIN
gb-thr; uk-thr	FLAG FOR ENGLAND-THURROCK
gb-tob; uk-tob	FLAG FOR ENGLAND-TORBAY
gb-wrt; uk-wrt	FLAG FOR ENGLAND-WARRINGTON
gb-wbk; uk-wbk	FLAG FOR ENGLAND-WEST BERKSHIRE
gb-wil; uk-wil	FLAG FOR ENGLAND-WILTSHIRE
gb-wnm; uk-wnm	FLAG FOR ENGLAND-WINDSOR AND MAIDENHEAD
gb-wok; uk-wok	FLAG FOR ENGLAND-WOKINGHAM
gb-yor; uk-yor	FLAG FOR ENGLAND-YORK

gb-bgw; uk-bgw	FLAG FOR WALES-BLAENAU GWENT
gb-bge; uk-bge	FLAG FOR WALES-BRIDGEND
gb-cay; uk-cay	FLAG FOR WALES-CAERPHILLY
gb-crf; uk-crf	FLAG FOR WALES-CARDIFF
gb-cmn; uk-cmn	FLAG FOR WALES-CARMARTHENSHIRE
gb-cgn; uk-cgn	FLAG FOR WALES-CEREDIGION
gb-cwy; uk-cwy	FLAG FOR WALES-CONWY
gb-den; uk-den	FLAG FOR WALES-DENBIGHSHIRE
gb-fln; uk-fln	FLAG FOR WALES-FLINTSHIRE
gb-gwn; uk-gwn	FLAG FOR WALES-GWYNEDD
gb-agy; uk-agy	FLAG FOR WALES-ISLE OF ANGLESEY
gb-mty; uk-mty	FLAG FOR WALES-MERTHYR TYDFIL
gb-mon; uk-mon	FLAG FOR WALES-MONMOUTHSHIRE
gb-ntl; uk-ntl	FLAG FOR WALES-NEATH PORT TALBOT
gb-nwp; uk-nwp	FLAG FOR WALES-NEWPORT
gb-pem; uk-pem	FLAG FOR WALES-PEMBROKESHIRE
gb-pow; uk-pow	FLAG FOR WALES-POWYS
gb-rct; uk-rct	FLAG FOR WALES-RHONDDA AND CYNON AND TAFF
gb-swa; uk-swa	FLAG FOR WALES-SWANSEA
gb-tof; uk-tof	FLAG FOR WALES-TORFAEN
gb-vgl; uk-vgl	FLAG FOR WALES-VALE OF GLAMORGAN
gb-wrx; uk-wrx	FLAG FOR WALES-WREXHAM

gb-abe; uk-abe	FLAG FOR SCOTLAND-ABERDEEN CITY
gb-abd; uk-abd	FLAG FOR SCOTLAND-ABERDEENSHIRE
gb-ans; uk-ans	FLAG FOR SCOTLAND-ANGUS
gb-agb; uk-agb	FLAG FOR SCOTLAND-ARGYLL AND BUTE
gb-clk; uk-clk	FLAG FOR SCOTLAND-CLACKMANNANSHIRE
gb-dgy; uk-dgy	FLAG FOR SCOTLAND-DUMFRIES AND GALLOWAY
gb-dnd; uk-dnd	FLAG FOR SCOTLAND-DUNDEE CITY
gb-eay; uk-eay	FLAG FOR SCOTLAND-EAST AYRSHIRE
gb-edu; uk-edu	FLAG FOR SCOTLAND-EAST DUNBARTONSHIRE
gb-eln; uk-eln	FLAG FOR SCOTLAND-EAST LOTHIAN
gb-erw; uk-erw	FLAG FOR SCOTLAND-EAST RENFREWSHIRE
gb-edh; uk-edh	FLAG FOR SCOTLAND-CITY OF EDINBURGH
gb-els; uk-els	FLAG FOR SCOTLAND-EILEAN SIAR
gb-fal; uk-fal	FLAG FOR SCOTLAND-FALKIRK
gb-fif; uk-fif	FLAG FOR SCOTLAND-FIFE
gb-glg; uk-glg	FLAG FOR SCOTLAND-GLASGOW CITY
gb-hld; uk-hld	FLAG FOR SCOTLAND-HIGHLAND
gb-ivc; uk-ivc	FLAG FOR SCOTLAND-INVERCLYDE
gb-mln; uk-mln	FLAG FOR SCOTLAND-MIDLOTHIAN
gb-mry; uk-mry	FLAG FOR SCOTLAND-MORAY
gb-nay; uk-nay	FLAG FOR SCOTLAND-NORTH AYRSHIRE
gb-nlk; uk-nlk	FLAG FOR SCOTLAND-NORTH LANARKSHIRE
gb-ork; uk-ork	FLAG FOR SCOTLAND-ORKNEY ISLANDS
gb-pkn; uk-pkn	FLAG FOR SCOTLAND-PERTH AND KINROSS
gb-rfw; uk-rfw	FLAG FOR SCOTLAND-RENFREWSHIRE
gb-scb; uk-scb	FLAG FOR SCOTLAND-SCOTTISH BORDERS
gb-zet; uk-zet	FLAG FOR SCOTLAND-SHETLAND ISLANDS
gb-say; uk-say	FLAG FOR SCOTLAND-SOUTH AYRSHIRE
gb-slk; uk-slk	FLAG FOR SCOTLAND-SOUTH LANARKSHIRE
gb-stg; uk-stg	FLAG FOR SCOTLAND-STIRLING
gb-wdu; uk-wdu	FLAG FOR SCOTLAND-WEST DUNBARTONSHIRE
gb-wln; uk-wln	FLAG FOR SCOTLAND-WEST LOTHIAN

gb-ann; uk-ann	FLAG FOR NORTHERN IRELAND-ANTRIM AND NEWTOWNABBEY
gb-and; uk-and	FLAG FOR NORTHERN IRELAND-ARDS AND NORTH DOWN
gb-abc; uk-abc	FLAG FOR NORTHERN IRELAND-ARMAGH AND BANBRIDGE AND CRAIGAVON
gb-bfs; uk-bfs	FLAG FOR NORTHERN IRELAND-BELFAST
gb-ccg; uk-ccg	FLAG FOR NORTHERN IRELAND-CAUSEWAY COAST AND GLENS
gb-drs; uk-drs	FLAG FOR NORTHERN IRELAND-DERRY AND STRABANE
gb-fmo; uk-fmo	FLAG FOR NORTHERN IRELAND-FERMANAGH AND OMAGH
gb-lbc; uk-lbc	FLAG FOR NORTHERN IRELAND-LISBURN AND CASTLEREAGH
gb-mea; uk-mea	FLAG FOR NORTHERN IRELAND-MID AND EAST ANTRIM
gb-mul; uk-mul	FLAG FOR NORTHERN IRELAND-MID ULSTER
gb-nmd; uk-nmd	FLAG FOR NORTHERN IRELAND-NEWRY AND MOURNE AND DOWN


## E600-E6FF	Scandinavian Flags

no-01	FLAG FOR NORWAY-OSTFOLD
no-02	FLAG FOR NORWAY-AKERSHUS
no-03	FLAG FOR NORWAY-OSLO
no-04	FLAG FOR NORWAY-HEDMARK
no-05	FLAG FOR NORWAY-OPPLAND
no-06	FLAG FOR NORWAY-BUSKERUD
no-07	FLAG FOR NORWAY-VESTFOLD
no-08	FLAG FOR NORWAY-TELEMARK
no-09	FLAG FOR NORWAY-AUST-AGDER
no-10	FLAG FOR NORWAY-VEST-AGDER
no-11	FLAG FOR NORWAY-ROGALAND
no-12	FLAG FOR NORWAY-HORDALAND
no-14	FLAG FOR NORWAY-SOGN OG FJORDANE
no-15	FLAG FOR NORWAY-MORE OG ROMSDAL
no-16	FLAG FOR NORWAY-SOR-TRONDELAG
no-17	FLAG FOR NORWAY-NORD-TRONDELAG
no-18	FLAG FOR NORWAY-NORDLAND
no-19	FLAG FOR NORWAY-TROMS
no-20	FLAG FOR NORWAY-FINNMARK
no-21	FLAG FOR NORWAY-SVALBARD
no-22	FLAG FOR NORWAY-JAN MAYEN
no-23; no-50	FLAG FOR NORWAY-TRONDELAG

dk-015	FLAG FOR DENMARK-KOBENHAVN
dk-020	FLAG FOR DENMARK-FREDERIKSBORG
dk-025	FLAG FOR DENMARK-ROSKILDE
dk-030	FLAG FOR DENMARK-VESTSJAELLAND
dk-035	FLAG FOR DENMARK-STORSTROM
dk-040; xx-bornholm	FLAG FOR DENMARK-BORNHOLM
dk-042	FLAG FOR DENMARK-FYN
dk-050	FLAG FOR DENMARK-SONDERJYLLAND
dk-055	FLAG FOR DENMARK-RIBE
dk-060	FLAG FOR DENMARK-VEJLE
dk-065	FLAG FOR DENMARK-RINGKOBING
dk-070	FLAG FOR DENMARK-ARHUS
dk-076	FLAG FOR DENMARK-VIBORG
dk-080	FLAG FOR DENMARK-NORDJYLLAND
dk-101	FLAG FOR DENMARK-KOBENHAVN
dk-147	FLAG FOR DENMARK-FREDERIKSBERG
dk-81	FLAG FOR DENMARK-NORDJYLLAND
dk-82	FLAG FOR DENMARK-MIDTJYLLAND
dk-83	FLAG FOR DENMARK-SYDDANMARK
dk-84	FLAG FOR DENMARK-HOVEDSTADEN
dk-85	FLAG FOR DENMARK-SJAELLAND
xx-christiania	FLAG FOR FREETOWN CHRISTIANIA

se-01; se-ab	FLAG FOR SWEDEN-STOCKHOLMS LAN
se-03; se-c	FLAG FOR SWEDEN-UPPSALA LAN
se-04; se-d	FLAG FOR SWEDEN-SODERMANLANDS LAN
se-05; se-e	FLAG FOR SWEDEN-OSTERGOTLANDS LAN
se-06; se-f	FLAG FOR SWEDEN-JONKOPINGS LAN
se-07; se-g	FLAG FOR SWEDEN-KRONOBERGS LAN
se-08; se-h	FLAG FOR SWEDEN-KALMAR LAN
se-09; se-i	FLAG FOR SWEDEN-GOTLANDS LAN
se-10; se-k	FLAG FOR SWEDEN-BLEKINGE LAN
se-12; se-m; xx-scania	FLAG FOR SWEDEN-SKANE LAN
se-13; se-n	FLAG FOR SWEDEN-HALLANDS LAN
se-14; se-o	FLAG FOR SWEDEN-VASTRA GOTALANDS LAN
se-17; se-s	FLAG FOR SWEDEN-VARMLANDS LAN
se-18; se-t	FLAG FOR SWEDEN-OREBRO LAN
se-19; se-u	FLAG FOR SWEDEN-VASTMANLANDS LAN
se-20; se-w	FLAG FOR SWEDEN-DALARNAS LAN
se-21; se-x	FLAG FOR SWEDEN-GAVLEBORGS LAN
se-22; se-y	FLAG FOR SWEDEN-VASTERNORRLANDS LAN
se-23; se-z	FLAG FOR SWEDEN-JAMTLANDS LAN
se-24; se-ac	FLAG FOR SWEDEN-VASTERBOTTENS LAN
se-25; se-bd	FLAG FOR SWEDEN-NORRBOTTENS LAN
xx-fennoswede	FLAG FOR FENNO-SWEDE

fi-01	FLAG FOR FINLAND-ALAND
fi-02	FLAG FOR FINLAND-SOUTH KARELIA
fi-03	FLAG FOR FINLAND-SOUTHERN OSTROBOTHNIA
fi-04	FLAG FOR FINLAND-SOUTHERN SAVONIA
fi-05	FLAG FOR FINLAND-KAINUU
fi-06	FLAG FOR FINLAND-TAVASTIA PROPER
fi-07	FLAG FOR FINLAND-CENTRAL OSTROBOTHNIA
fi-08	FLAG FOR FINLAND-CENTRAL FINLAND
fi-09	FLAG FOR FINLAND-KYMENLAAKSO
fi-10	FLAG FOR FINLAND-LAPLAND
fi-11	FLAG FOR FINLAND-PIRKANMAA
fi-12	FLAG FOR FINLAND-OSTROBOTHNIA
fi-13	FLAG FOR FINLAND-NORTH KARELIA
fi-14	FLAG FOR FINLAND-NORTHERN OSTROBOTHNIA
fi-15	FLAG FOR FINLAND-NORTHERN SAVONIA
fi-16	FLAG FOR FINLAND-PAIJANNE TAVASTIA
fi-17	FLAG FOR FINLAND-SATAKUNTA
fi-18	FLAG FOR FINLAND-UUSIMAA
fi-19	FLAG FOR FINLAND-SOUTHWEST FINLAND


## E700-E7FF	Iberian Flags

pt-01	FLAG FOR PORTUGAL-AVEIRO
pt-02	FLAG FOR PORTUGAL-BEJA
pt-03	FLAG FOR PORTUGAL-BRAGA
pt-04	FLAG FOR PORTUGAL-BRAGANCA
pt-05	FLAG FOR PORTUGAL-CASTELO BRANCO
pt-06	FLAG FOR PORTUGAL-COIMBRA
pt-07	FLAG FOR PORTUGAL-EVORA
pt-08	FLAG FOR PORTUGAL-FARO
pt-09	FLAG FOR PORTUGAL-GUARDA
pt-10	FLAG FOR PORTUGAL-LEIRIA
pt-11	FLAG FOR PORTUGAL-LISBOA
pt-12	FLAG FOR PORTUGAL-PORTALEGRE
pt-13	FLAG FOR PORTUGAL-PORTO
pt-14	FLAG FOR PORTUGAL-SANTAREM
pt-15	FLAG FOR PORTUGAL-SETUBAL
pt-16	FLAG FOR PORTUGAL-VIANA DO CASTELO
pt-17	FLAG FOR PORTUGAL-VILA REAL
pt-18	FLAG FOR PORTUGAL-VISEU
pt-20	FLAG FOR PORTUGAL-REGIAO AUTONOMA DOS ACORES
pt-30	FLAG FOR PORTUGAL-REGIAO AUTONOMA DA MADEIRA

es-an	FLAG FOR SPAIN-ANDALUCIA
es-ar	FLAG FOR SPAIN-ARAGON
es-as	FLAG FOR SPAIN-ASTURIAS
es-cb	FLAG FOR SPAIN-CANTABRIA
es-ce	FLAG FOR SPAIN-CEUTA
es-cl	FLAG FOR SPAIN-CASTILLA Y LEON
es-cm	FLAG FOR SPAIN-CASTILLA-LA MANCHA
es-cn	FLAG FOR SPAIN-CANARIAS
es-ct; xx-catalonia	FLAG FOR SPAIN-CATALONIA
es-ex	FLAG FOR SPAIN-EXTREMADURA
es-ga	FLAG FOR SPAIN-GALICIA
es-ib	FLAG FOR SPAIN-ILLES BALEARS
es-mc	FLAG FOR SPAIN-MURCIA
es-md	FLAG FOR SPAIN-MADRID
es-ml	FLAG FOR SPAIN-MELILLA
es-nc	FLAG FOR SPAIN-NAVARRA
es-pv	FLAG FOR SPAIN-PAIS VASCO
es-ri	FLAG FOR SPAIN-LA RIOJA
es-vc	FLAG FOR SPAIN-VALENCIANA

es-a	FLAG FOR SPAIN-ALICANTE
es-ab	FLAG FOR SPAIN-ALBACETE
es-al	FLAG FOR SPAIN-ALMERIA
es-av	FLAG FOR SPAIN-AVILA
es-b	FLAG FOR SPAIN-BARCELONA
es-ba	FLAG FOR SPAIN-BADAJOZ
es-bi	FLAG FOR SPAIN-BIZKAIA
es-bu	FLAG FOR SPAIN-BURGOS
es-c	FLAG FOR SPAIN-A CORUNA
es-ca	FLAG FOR SPAIN-CADIZ
es-cc	FLAG FOR SPAIN-CACERES
es-co	FLAG FOR SPAIN-CORDOBA
es-cr	FLAG FOR SPAIN-CIUDAD REAL
es-cs	FLAG FOR SPAIN-CASTELLON
es-cu	FLAG FOR SPAIN-CUENCA
es-gc	FLAG FOR SPAIN-LAS PALMAS
es-gi	FLAG FOR SPAIN-GIRONA
es-gr	FLAG FOR SPAIN-GRANADA
es-gu	FLAG FOR SPAIN-GUADALAJARA
es-h	FLAG FOR SPAIN-HUELVA
es-hu	FLAG FOR SPAIN-HUESCA
es-j	FLAG FOR SPAIN-JAEN
es-l	FLAG FOR SPAIN-LLEIDA
es-le	FLAG FOR SPAIN-LEON
es-lo	FLAG FOR SPAIN-LA RIOJA
es-lu	FLAG FOR SPAIN-LUGO
es-m	FLAG FOR SPAIN-MADRID
es-ma	FLAG FOR SPAIN-MALAGA
es-mu	FLAG FOR SPAIN-MURCIA
es-na	FLAG FOR SPAIN-NAVARRA
es-o	FLAG FOR SPAIN-ASTURIAS
es-or	FLAG FOR SPAIN-OURENSE
es-p	FLAG FOR SPAIN-PALENCIA
es-pm	FLAG FOR SPAIN-BALEARS
es-po	FLAG FOR SPAIN-PONTEVEDRA
es-s	FLAG FOR SPAIN-CANTABRIA
es-sa	FLAG FOR SPAIN-SALAMANCA
es-se	FLAG FOR SPAIN-SEVILLA
es-sg	FLAG FOR SPAIN-SEGOVIA
es-so	FLAG FOR SPAIN-SORIA
es-ss	FLAG FOR SPAIN-GIPUZKOA
es-t	FLAG FOR SPAIN-TARRAGONA
es-te	FLAG FOR SPAIN-TERUEL
es-tf	FLAG FOR SPAIN-SANTA CRUZ DE TENERIFE
es-to	FLAG FOR SPAIN-TOLEDO
es-v	FLAG FOR SPAIN-VALENCIA
es-va	FLAG FOR SPAIN-VALLADOLID
es-vi	FLAG FOR SPAIN-ALAVA
es-z	FLAG FOR SPAIN-ZARAGOZA
es-za	FLAG FOR SPAIN-ZAMORA

ad-02	FLAG FOR ANDORRA-CANILLO
ad-03	FLAG FOR ANDORRA-ENCAMP
ad-04	FLAG FOR ANDORRA-LA MASSANA
ad-05	FLAG FOR ANDORRA-ORDINO
ad-06	FLAG FOR ANDORRA-SANT JULIA DE LORIA
ad-07	FLAG FOR ANDORRA-ANDORRA LA VELLA
ad-08	FLAG FOR ANDORRA-ESCALDES-ENGORDANY


## E800-E8FF	Western European Flags A

fr-lre	FLAG FOR FRANCE-LA REUNION

fr-a	FLAG FOR FRANCE-ALSACE
fr-b	FLAG FOR FRANCE-AQUITAINE
fr-c	FLAG FOR FRANCE-AUVERGNE
fr-d	FLAG FOR FRANCE-BURGUNDY
fr-e; fr-bre; xx-brittany	FLAG FOR FRANCE-BRITTANY
fr-f; fr-cvl	FLAG FOR FRANCE-CENTRE-VAL DE LOIRE
fr-g	FLAG FOR FRANCE-CHAMPAGNE-ARDENNE
fr-h; fr-cor	FLAG FOR FRANCE-CORSICA
fr-i	FLAG FOR FRANCE-FRANCHE-COMTE
fr-j; fr-idf	FLAG FOR FRANCE-ILE-DE-FRANCE
fr-k	FLAG FOR FRANCE-LANGUEDOC-ROUSSILLON
fr-l	FLAG FOR FRANCE-LIMOUSIN
fr-m	FLAG FOR FRANCE-LORRAINE
fr-n	FLAG FOR FRANCE-MIDI-PYRENEES
fr-o	FLAG FOR FRANCE-NORD-PAS-DE-CALAIS
fr-p	FLAG FOR FRANCE-LOWER NORMANDY
fr-q	FLAG FOR FRANCE-UPPER NORMANDY
fr-r; fr-pdl	FLAG FOR FRANCE-PAYS DE LA LOIRE
fr-s	FLAG FOR FRANCE-PICARDY
fr-t	FLAG FOR FRANCE-POITOU-CHARENTES
fr-u; fr-pac	FLAG FOR FRANCE-PROVENCE-ALPES-COTE DAZUR
fr-v	FLAG FOR FRANCE-RHONE-ALPES

fr-ara	FLAG FOR FRANCE-AUVERGNE-RHONE-ALPES
fr-bfc	FLAG FOR FRANCE-BOURGOGNE-FRANCHE-COMTE
fr-ges	FLAG FOR FRANCE-GRAND-EST
fr-gua	FLAG FOR FRANCE-GUADELOUPE
fr-hdf	FLAG FOR FRANCE-HAUTS-DE-FRANCE
fr-may	FLAG FOR FRANCE-MAYOTTE
fr-nor; xx-normandy	FLAG FOR FRANCE-NORMANDY
fr-naq	FLAG FOR FRANCE-NOUVELLE-AQUITAINE
fr-occ	FLAG FOR FRANCE-OCCITANIE

fr-2a	FLAG FOR FRANCE-CORSE-DU-SUD

fr-01	FLAG FOR FRANCE-AIN
fr-02	FLAG FOR FRANCE-AISNE
fr-03	FLAG FOR FRANCE-ALLIER
fr-04	FLAG FOR FRANCE-ALPES-DE-HAUTE-PROVENCE
fr-05	FLAG FOR FRANCE-HAUTES-ALPES
fr-06	FLAG FOR FRANCE-ALPES-MARITIMES
fr-07	FLAG FOR FRANCE-ARDECHE
fr-08	FLAG FOR FRANCE-ARDENNES
fr-09	FLAG FOR FRANCE-ARIEGE
fr-10	FLAG FOR FRANCE-AUBE
fr-11	FLAG FOR FRANCE-AUDE
fr-12	FLAG FOR FRANCE-AVEYRON
fr-13	FLAG FOR FRANCE-BOUCHES-DU-RHONE
fr-14	FLAG FOR FRANCE-CALVADOS
fr-15	FLAG FOR FRANCE-CANTAL
fr-16	FLAG FOR FRANCE-CHARENTE
fr-17	FLAG FOR FRANCE-CHARENTE-MARITIME
fr-18	FLAG FOR FRANCE-CHER
fr-19	FLAG FOR FRANCE-CORREZE

fr-2b	FLAG FOR FRANCE-HAUTE-CORSE

fr-21	FLAG FOR FRANCE-COTE-DOR
fr-22	FLAG FOR FRANCE-COTES-DARMOR
fr-23	FLAG FOR FRANCE-CREUSE
fr-24	FLAG FOR FRANCE-DORDOGNE
fr-25	FLAG FOR FRANCE-DOUBS
fr-26	FLAG FOR FRANCE-DROME
fr-27	FLAG FOR FRANCE-EURE
fr-28	FLAG FOR FRANCE-EURE-ET-LOIR
fr-29	FLAG FOR FRANCE-FINISTERE
fr-30	FLAG FOR FRANCE-GARD
fr-31	FLAG FOR FRANCE-HAUTE-GARONNE
fr-32	FLAG FOR FRANCE-GERS
fr-33	FLAG FOR FRANCE-GIRONDE
fr-34	FLAG FOR FRANCE-HERAULT
fr-35	FLAG FOR FRANCE-ILLE-ET-VILAINE
fr-36	FLAG FOR FRANCE-INDRE
fr-37	FLAG FOR FRANCE-INDRE-ET-LOIRE
fr-38	FLAG FOR FRANCE-ISERE
fr-39	FLAG FOR FRANCE-JURA
fr-40	FLAG FOR FRANCE-LANDES
fr-41	FLAG FOR FRANCE-LOIR-ET-CHER
fr-42	FLAG FOR FRANCE-LOIRE
fr-43	FLAG FOR FRANCE-HAUTE-LOIRE
fr-44	FLAG FOR FRANCE-LOIRE-ATLANTIQUE
fr-45	FLAG FOR FRANCE-LOIRET
fr-46	FLAG FOR FRANCE-LOT
fr-47	FLAG FOR FRANCE-LOT-ET-GARONNE
fr-48	FLAG FOR FRANCE-LOZERE
fr-49	FLAG FOR FRANCE-MAINE-ET-LOIRE
fr-50; xx-manche	FLAG FOR FRANCE-MANCHE
fr-51	FLAG FOR FRANCE-MARNE
fr-52	FLAG FOR FRANCE-HAUTE-MARNE
fr-53	FLAG FOR FRANCE-MAYENNE
fr-54	FLAG FOR FRANCE-MEURTHE-ET-MOSELLE
fr-55	FLAG FOR FRANCE-MEUSE
fr-56	FLAG FOR FRANCE-MORBIHAN
fr-57	FLAG FOR FRANCE-MOSELLE
fr-58	FLAG FOR FRANCE-NIEVRE
fr-59	FLAG FOR FRANCE-NORD
fr-60	FLAG FOR FRANCE-OISE
fr-61	FLAG FOR FRANCE-ORNE
fr-62	FLAG FOR FRANCE-PAS-DE-CALAIS
fr-63	FLAG FOR FRANCE-PUY-DE-DOME
fr-64	FLAG FOR FRANCE-PYRENEES-ATLANTIQUES
fr-65	FLAG FOR FRANCE-HAUTES-PYRENEES
fr-66	FLAG FOR FRANCE-PYRENEES-ORIENTALES
fr-67	FLAG FOR FRANCE-BAS-RHIN
fr-68	FLAG FOR FRANCE-HAUT-RHIN
fr-69	FLAG FOR FRANCE-RHONE
fr-70	FLAG FOR FRANCE-HAUTE-SAONE
fr-71	FLAG FOR FRANCE-SAONE-ET-LOIRE
fr-72	FLAG FOR FRANCE-SARTHE
fr-73	FLAG FOR FRANCE-SAVOIE
fr-74	FLAG FOR FRANCE-HAUTE-SAVOIE
fr-75	FLAG FOR FRANCE-PARIS
fr-76	FLAG FOR FRANCE-SEINE-MARITIME
fr-77	FLAG FOR FRANCE-SEINE-ET-MARNE
fr-78	FLAG FOR FRANCE-YVELINES
fr-79	FLAG FOR FRANCE-DEUX-SEVRES
fr-80	FLAG FOR FRANCE-SOMME
fr-81	FLAG FOR FRANCE-TARN
fr-82	FLAG FOR FRANCE-TARN-ET-GARONNE
fr-83	FLAG FOR FRANCE-VAR
fr-84	FLAG FOR FRANCE-VAUCLUSE
fr-85	FLAG FOR FRANCE-VENDEE
fr-86	FLAG FOR FRANCE-VIENNE
fr-87	FLAG FOR FRANCE-HAUTE-VIENNE
fr-88	FLAG FOR FRANCE-VOSGES
fr-89	FLAG FOR FRANCE-YONNE
fr-90	FLAG FOR FRANCE-TERRITOIRE DE BELFORT
fr-91	FLAG FOR FRANCE-ESSONNE
fr-92	FLAG FOR FRANCE-HAUTS-DE-SEINE
fr-93	FLAG FOR FRANCE-SEINE-SAINT-DENIS
fr-94	FLAG FOR FRANCE-VAL-DE-MARNE
fr-95	FLAG FOR FRANCE-VAL-DOISE

nl-dr	FLAG FOR NETHERLANDS-DRENTHE
nl-fl	FLAG FOR NETHERLANDS-FLEVOLAND
nl-fr	FLAG FOR NETHERLANDS-FRYSLAN
nl-ge	FLAG FOR NETHERLANDS-GELDERLAND
nl-gr	FLAG FOR NETHERLANDS-GRONINGEN
nl-li	FLAG FOR NETHERLANDS-LIMBURG
nl-nb	FLAG FOR NETHERLANDS-NOORD-BRABANT
nl-nh	FLAG FOR NETHERLANDS-NOORD-HOLLAND
nl-ov	FLAG FOR NETHERLANDS-OVERIJSSEL
nl-ut	FLAG FOR NETHERLANDS-UTRECHT
nl-ze	FLAG FOR NETHERLANDS-ZEELAND
nl-zh	FLAG FOR NETHERLANDS-ZUID-HOLLAND

nl-aw	FLAG FOR NETHERLANDS-ARUBA
nl-cw	FLAG FOR NETHERLANDS-CURACAO
nl-sx	FLAG FOR NETHERLANDS-SINT MAARTEN
nl-bq1; bq-bo	FLAG FOR NETHERLANDS-BONAIRE
nl-bq2; bq-sa	FLAG FOR NETHERLANDS-SABA
nl-bq3; bq-se	FLAG FOR NETHERLANDS-SINT EUSTATIUS

nl-ams; xx-amsterdam	FLAG FOR NETHERLANDS-AMSTERDAM

be-bru	FLAG FOR BELGIUM-BRUSSELS-CAPITAL REGION
be-vlg	FLAG FOR BELGIUM-FLEMISH REGION
be-wal	FLAG FOR BELGIUM-WALLOON REGION

be-van	FLAG FOR BELGIUM-ANTWERPEN
be-wbr	FLAG FOR BELGIUM-BRABANT WALLON
be-wht	FLAG FOR BELGIUM-HAINAUT
be-wlg	FLAG FOR BELGIUM-LIEGE
be-vli	FLAG FOR BELGIUM-LIMBURG
be-wlx	FLAG FOR BELGIUM-LUXEMBOURG
be-wna	FLAG FOR BELGIUM-NAMUR
be-vov	FLAG FOR BELGIUM-OOST-VLAANDEREN
be-vbr	FLAG FOR BELGIUM-VLAAMS-BRABANT
be-vwv	FLAG FOR BELGIUM-WEST-VLAANDEREN

lu-ca	FLAG FOR LUXEMBOURG-CAPELLEN
lu-cl	FLAG FOR LUXEMBOURG-CLERVAUX
lu-di	FLAG FOR LUXEMBOURG-DIEKIRCH
lu-ec	FLAG FOR LUXEMBOURG-ECHTERNACH
lu-es	FLAG FOR LUXEMBOURG-ESCH-SUR-ALZETTE
lu-gr	FLAG FOR LUXEMBOURG-GREVENMACHER
lu-lu	FLAG FOR LUXEMBOURG-LUXEMBOURG
lu-me	FLAG FOR LUXEMBOURG-MERSCH
lu-rd	FLAG FOR LUXEMBOURG-REDANGE
lu-rm	FLAG FOR LUXEMBOURG-REMICH
lu-vd	FLAG FOR LUXEMBOURG-VIANDEN
lu-wi	FLAG FOR LUXEMBOURG-WILTZ

de-bw	FLAG FOR GERMANY-BADEN-WURTTEMBERG
de-by	FLAG FOR GERMANY-BAVARIA
de-be	FLAG FOR GERMANY-BERLIN
de-bb	FLAG FOR GERMANY-BRANDENBURG
de-hb	FLAG FOR GERMANY-BREMEN
de-hh	FLAG FOR GERMANY-HAMBURG
de-he	FLAG FOR GERMANY-HESSE
de-mv	FLAG FOR GERMANY-MECKLENBURG-WESTERN POMERANIA
de-ni	FLAG FOR GERMANY-LOWER SAXONY
de-nw	FLAG FOR GERMANY-NORTH RHINE-WESTPHALIA
de-rp	FLAG FOR GERMANY-RHINELAND-PALATINATE
de-sl	FLAG FOR GERMANY-SAARLAND
de-sn	FLAG FOR GERMANY-SAXONY
de-st	FLAG FOR GERMANY-SAXONY-ANHALT
de-sh	FLAG FOR GERMANY-SCHLESWIG-HOLSTEIN
de-th	FLAG FOR GERMANY-THURINGIA

pl-02	FLAG FOR POLAND-LOWER SILESIA
pl-04	FLAG FOR POLAND-KUYAVIA-POMERANIA
pl-06	FLAG FOR POLAND-LUBLIN
pl-08	FLAG FOR POLAND-LUBUSZ
pl-10	FLAG FOR POLAND-LODZ
pl-12	FLAG FOR POLAND-LESSER POLAND
pl-14	FLAG FOR POLAND-MAZOVIA
pl-16	FLAG FOR POLAND-OPOLE-UPPER SILESIA
pl-18	FLAG FOR POLAND-SUBCARPATHIA
pl-20	FLAG FOR POLAND-PODLASKIE
pl-22	FLAG FOR POLAND-POMERANIA
pl-24	FLAG FOR POLAND-SILESIA
pl-26	FLAG FOR POLAND-HOLY CROSS
pl-28	FLAG FOR POLAND-WARMIA-MASURIA
pl-30	FLAG FOR POLAND-GREATER POLAND
pl-32	FLAG FOR POLAND-WEST POMERANIA

at-1	FLAG FOR AUSTRIA-BURGENLAND
at-2	FLAG FOR AUSTRIA-CARINTHIA
at-3	FLAG FOR AUSTRIA-LOWER AUSTRIA
at-4	FLAG FOR AUSTRIA-UPPER AUSTRIA
at-5	FLAG FOR AUSTRIA-SALZBURG
at-6	FLAG FOR AUSTRIA-STYRIA
at-7	FLAG FOR AUSTRIA-TYROL
at-8	FLAG FOR AUSTRIA-VORARLBERG
at-9	FLAG FOR AUSTRIA-VIENNA


## E900-E9FF	Western European Flags B

ch-ag	FLAG FOR SWITZERLAND-AARGAU
ch-ar	FLAG FOR SWITZERLAND-APPENZELL AUSSERRHODEN
ch-ai	FLAG FOR SWITZERLAND-APPENZELL INNERRHODEN
ch-bl	FLAG FOR SWITZERLAND-BASEL-LANDSCHAFT
ch-bs	FLAG FOR SWITZERLAND-BASEL-STADT
ch-be	FLAG FOR SWITZERLAND-BERN
ch-fr	FLAG FOR SWITZERLAND-FREIBURG
ch-ge	FLAG FOR SWITZERLAND-GENEVE
ch-gl	FLAG FOR SWITZERLAND-GLARUS
ch-gr	FLAG FOR SWITZERLAND-GRAUBUNDEN
ch-ju	FLAG FOR SWITZERLAND-JURA
ch-lu	FLAG FOR SWITZERLAND-LUZERN
ch-ne	FLAG FOR SWITZERLAND-NEUCHATEL
ch-nw	FLAG FOR SWITZERLAND-NIDWALDEN
ch-ow	FLAG FOR SWITZERLAND-OBWALDEN
ch-sg	FLAG FOR SWITZERLAND-SANKT GALLEN
ch-sh	FLAG FOR SWITZERLAND-SCHAFFHAUSEN
ch-sz	FLAG FOR SWITZERLAND-SCHWYZ
ch-so	FLAG FOR SWITZERLAND-SOLOTHURN
ch-tg	FLAG FOR SWITZERLAND-THURGAU
ch-ti	FLAG FOR SWITZERLAND-TICINO
ch-ur	FLAG FOR SWITZERLAND-URI
ch-vs	FLAG FOR SWITZERLAND-WALLIS
ch-vd	FLAG FOR SWITZERLAND-VAUD
ch-zg	FLAG FOR SWITZERLAND-ZUG
ch-zh; xx-zurich	FLAG FOR SWITZERLAND-ZURICH

it-21	FLAG FOR ITALY-PIEDMONT
it-23	FLAG FOR ITALY-AOSTA VALLEY
it-25	FLAG FOR ITALY-LOMBARDY
it-32	FLAG FOR ITALY-TRENTINO-SOUTH TYROL
it-34	FLAG FOR ITALY-VENETO
it-36	FLAG FOR ITALY-FRIULI-VENEZIA GIULIA
it-42	FLAG FOR ITALY-LIGURIA
it-45	FLAG FOR ITALY-EMILIA-ROMAGNA
it-52	FLAG FOR ITALY-TUSCANY
it-55	FLAG FOR ITALY-UMBRIA
it-57	FLAG FOR ITALY-MARCHE
it-62	FLAG FOR ITALY-LAZIO
it-65	FLAG FOR ITALY-ABRUZZO
it-67	FLAG FOR ITALY-MOLISE
it-72	FLAG FOR ITALY-CAMPANIA
it-75	FLAG FOR ITALY-APULIA
it-77	FLAG FOR ITALY-BASILICATA
it-78	FLAG FOR ITALY-CALABRIA
it-82	FLAG FOR ITALY-SICILY
it-88	FLAG FOR ITALY-SARDINIA

it-ag	FLAG FOR ITALY-AGRIGENTO
it-al	FLAG FOR ITALY-ALESSANDRIA
it-an	FLAG FOR ITALY-ANCONA
it-ao	FLAG FOR ITALY-AOSTA
it-ar	FLAG FOR ITALY-AREZZO
it-ap	FLAG FOR ITALY-ASCOLI PICENO
it-at	FLAG FOR ITALY-ASTI
it-av	FLAG FOR ITALY-AVELLINO
it-ba	FLAG FOR ITALY-BARI
it-bt	FLAG FOR ITALY-BARLETTA-ANDRIA-TRANI
it-bl	FLAG FOR ITALY-BELLUNO
it-bn	FLAG FOR ITALY-BENEVENTO
it-bg	FLAG FOR ITALY-BERGAMO
it-bi	FLAG FOR ITALY-BIELLA
it-bo	FLAG FOR ITALY-BOLOGNA
it-bz	FLAG FOR ITALY-BOLZANO
it-bs	FLAG FOR ITALY-BRESCIA
it-br	FLAG FOR ITALY-BRINDISI
it-ca	FLAG FOR ITALY-CAGLIARI
it-cl	FLAG FOR ITALY-CALTANISSETTA
it-cb	FLAG FOR ITALY-CAMPOBASSO
it-ci	FLAG FOR ITALY-CARBONIA-IGLESIAS
it-ce	FLAG FOR ITALY-CASERTA
it-ct	FLAG FOR ITALY-CATANIA
it-cz	FLAG FOR ITALY-CATANZARO
it-ch	FLAG FOR ITALY-CHIETI
it-co	FLAG FOR ITALY-COMO
it-cs	FLAG FOR ITALY-COSENZA
it-cr	FLAG FOR ITALY-CREMONA
it-kr	FLAG FOR ITALY-CROTONE
it-cn	FLAG FOR ITALY-CUNEO
it-en	FLAG FOR ITALY-ENNA
it-fm	FLAG FOR ITALY-FERMO
it-fe	FLAG FOR ITALY-FERRARA
it-fi	FLAG FOR ITALY-FIRENZE
it-fg	FLAG FOR ITALY-FOGGIA
it-fc	FLAG FOR ITALY-FORLI-CESENA
it-fr	FLAG FOR ITALY-FROSINONE
it-ge	FLAG FOR ITALY-GENOVA
it-go	FLAG FOR ITALY-GORIZIA
it-gr	FLAG FOR ITALY-GROSSETO
it-im	FLAG FOR ITALY-IMPERIA
it-is	FLAG FOR ITALY-ISERNIA
it-sp	FLAG FOR ITALY-LA SPEZIA
it-aq	FLAG FOR ITALY-LAQUILA
it-lt	FLAG FOR ITALY-LATINA
it-le	FLAG FOR ITALY-LECCE
it-lc	FLAG FOR ITALY-LECCO
it-li	FLAG FOR ITALY-LIVORNO
it-lo	FLAG FOR ITALY-LODI
it-lu	FLAG FOR ITALY-LUCCA
it-mc	FLAG FOR ITALY-MACERATA
it-mn	FLAG FOR ITALY-MANTOVA
it-ms	FLAG FOR ITALY-MASSA AND CARRARA
it-mt	FLAG FOR ITALY-MATERA
it-vs	FLAG FOR ITALY-MEDIO CAMPIDANO
it-me	FLAG FOR ITALY-MESSINA
it-mi	FLAG FOR ITALY-MILANO
it-mo	FLAG FOR ITALY-MODENA
it-mb	FLAG FOR ITALY-MONZA AND BRIANZA
it-na	FLAG FOR ITALY-NAPOLI
it-no	FLAG FOR ITALY-NOVARA
it-nu	FLAG FOR ITALY-NUORO
it-og	FLAG FOR ITALY-OGLIASTRA
it-ot	FLAG FOR ITALY-OLBIA-TEMPIO
it-or	FLAG FOR ITALY-ORISTANO
it-pd	FLAG FOR ITALY-PADOVA
it-pa	FLAG FOR ITALY-PALERMO
it-pr	FLAG FOR ITALY-PARMA
it-pv	FLAG FOR ITALY-PAVIA
it-pg	FLAG FOR ITALY-PERUGIA
it-pu	FLAG FOR ITALY-PESARO AND URBINO
it-pe	FLAG FOR ITALY-PESCARA
it-pc	FLAG FOR ITALY-PIACENZA
it-pi	FLAG FOR ITALY-PISA
it-pt	FLAG FOR ITALY-PISTOIA
it-pn	FLAG FOR ITALY-PORDENONE
it-pz	FLAG FOR ITALY-POTENZA
it-po	FLAG FOR ITALY-PRATO
it-rg	FLAG FOR ITALY-RAGUSA
it-ra	FLAG FOR ITALY-RAVENNA
it-rc	FLAG FOR ITALY-REGGIO CALABRIA
it-re	FLAG FOR ITALY-REGGIO EMILIA
it-ri	FLAG FOR ITALY-RIETI
it-rn	FLAG FOR ITALY-RIMINI
it-rm	FLAG FOR ITALY-ROMA
it-ro	FLAG FOR ITALY-ROVIGO
it-sa	FLAG FOR ITALY-SALERNO
it-ss	FLAG FOR ITALY-SASSARI
it-sv	FLAG FOR ITALY-SAVONA
it-si	FLAG FOR ITALY-SIENA
it-sr	FLAG FOR ITALY-SIRACUSA
it-so	FLAG FOR ITALY-SONDRIO
it-ta	FLAG FOR ITALY-TARANTO
it-te	FLAG FOR ITALY-TERAMO
it-tr	FLAG FOR ITALY-TERNI
it-to	FLAG FOR ITALY-TORINO
it-tp	FLAG FOR ITALY-TRAPANI
it-tn	FLAG FOR ITALY-TRENTO
it-tv	FLAG FOR ITALY-TREVISO
it-ts	FLAG FOR ITALY-TRIESTE
it-ud	FLAG FOR ITALY-UDINE
it-va	FLAG FOR ITALY-VARESE
it-ve	FLAG FOR ITALY-VENEZIA
it-vb	FLAG FOR ITALY-VERBANO-CUSIO-OSSOLA
it-vc	FLAG FOR ITALY-VERCELLI
it-vr	FLAG FOR ITALY-VERONA
it-vv	FLAG FOR ITALY-VIBO VALENTIA
it-vi	FLAG FOR ITALY-VICENZA
it-vt	FLAG FOR ITALY-VITERBO
it-sd	FLAG FOR ITALY-SUD SARDEGNA

xx-romanempire	FLAG FOR ROMAN EMPIRE


## ED00-EDFF	Middle Eastern Flags

bh-01	FLAG FOR BAHRAIN-AL HADD
bh-02; bh-15	FLAG FOR BAHRAIN-AL MUHARRAQ
bh-03	FLAG FOR BAHRAIN-AL MANAMAH
bh-04	FLAG FOR BAHRAIN-JIDD HAFS
bh-05	FLAG FOR BAHRAIN-AL MINTAQAH ASH SHAMALIYAH
bh-06	FLAG FOR BAHRAIN-SITRAH
bh-07	FLAG FOR BAHRAIN-AL MINTAQAH AL WUSTA
bh-08	FLAG FOR BAHRAIN-MADINAT ISA
bh-09	FLAG FOR BAHRAIN-AR RIFA
bh-10	FLAG FOR BAHRAIN-AL MINTAQAH AL GHARBIYAH
bh-11	FLAG FOR BAHRAIN-MINTAQAT JUZUR HAWAR
bh-12	FLAG FOR BAHRAIN-MADINAT HAMAD
bh-13	FLAG FOR BAHRAIN-AL ASIMAH
bh-14	FLAG FOR BAHRAIN-AL JANUBIYAH
bh-16	FLAG FOR BAHRAIN-AL WUSTA
bh-17	FLAG FOR BAHRAIN-ASH SHAMALIYAH

ir-00	FLAG FOR IRAN-MARKAZI
ir-01	FLAG FOR IRAN-GILAN
ir-02	FLAG FOR IRAN-MAZANDARAN
ir-03	FLAG FOR IRAN-AZARBAYJAN-E SHARQI
ir-04	FLAG FOR IRAN-AZARBAYJAN-E GHARBI
ir-05	FLAG FOR IRAN-KERMANSHAH
ir-06	FLAG FOR IRAN-KHUZESTAN
ir-07	FLAG FOR IRAN-FARS
ir-08	FLAG FOR IRAN-KERMAN
ir-09	FLAG FOR IRAN-KHORASAN-E RAZAVI
ir-10	FLAG FOR IRAN-ESFAHAN
ir-11	FLAG FOR IRAN-SISTAN VA BALUCHESTAN
ir-12	FLAG FOR IRAN-KORDESTAN
ir-13	FLAG FOR IRAN-HAMADAN
ir-14	FLAG FOR IRAN-CHAHAR MAHAL VA BAKHTIARI
ir-15	FLAG FOR IRAN-LORESTAN
ir-16	FLAG FOR IRAN-ILAM
ir-17	FLAG FOR IRAN-KOHGILUYEH VA BOWYER AHMAD
ir-18	FLAG FOR IRAN-BUSHEHR
ir-19	FLAG FOR IRAN-ZANJAN
ir-20	FLAG FOR IRAN-SEMNAN
ir-21	FLAG FOR IRAN-YAZD
ir-22	FLAG FOR IRAN-HORMOZGAN
ir-23	FLAG FOR IRAN-TEHRAN
ir-24	FLAG FOR IRAN-ARDABIL
ir-25	FLAG FOR IRAN-QOM
ir-26	FLAG FOR IRAN-QAZVIN
ir-27	FLAG FOR IRAN-GOLESTAN
ir-28	FLAG FOR IRAN-KHORASAN-E SHOMALI
ir-29	FLAG FOR IRAN-KHORASAN-E JONUBI
ir-30	FLAG FOR IRAN-ALBORZ

iq-an	FLAG FOR IRAQ-AL ANBAR
iq-ar	FLAG FOR IRAQ-ARBIL
iq-ba	FLAG FOR IRAQ-AL BASRAH
iq-bb	FLAG FOR IRAQ-BABIL
iq-bg	FLAG FOR IRAQ-BAGHDAD
iq-da	FLAG FOR IRAQ-DAHUK
iq-di	FLAG FOR IRAQ-DIYALA
iq-dq	FLAG FOR IRAQ-DHI QAR
iq-ka	FLAG FOR IRAQ-KARBALA
iq-ki	FLAG FOR IRAQ-KIRKUK
iq-kr	FLAG FOR IRAQ-IQLIM KURDISTAN
iq-ma	FLAG FOR IRAQ-MAYSAN
iq-mu	FLAG FOR IRAQ-AL MUTHANNA
iq-na	FLAG FOR IRAQ-AN NAJAF
iq-ni	FLAG FOR IRAQ-NINAWA
iq-qa	FLAG FOR IRAQ-AL QADISIYAH
iq-sd	FLAG FOR IRAQ-SALAH AD DIN
iq-su	FLAG FOR IRAQ-AS SULAYMANIYAH
iq-wa	FLAG FOR IRAQ-WASIT

il-d	FLAG FOR ISRAEL-SOUTHERN
il-m	FLAG FOR ISRAEL-CENTRAL
il-z	FLAG FOR ISRAEL-NORTHERN
il-ha	FLAG FOR ISRAEL-HAIFA
il-ta	FLAG FOR ISRAEL-TEL AVIV
il-jm	FLAG FOR ISRAEL-JERUSALEM


## EE00-EEFF	Asian Flags A

cn-ah	FLAG FOR CHINA-ANHUI
cn-bj	FLAG FOR CHINA-BEIJING
cn-cq	FLAG FOR CHINA-CHONGQING
cn-fj	FLAG FOR CHINA-FUJIAN
cn-gd	FLAG FOR CHINA-GUANGDONG
cn-gs	FLAG FOR CHINA-GANSU
cn-gx	FLAG FOR CHINA-GUANGXI ZHUANGZU
cn-gz	FLAG FOR CHINA-GUIZHOU
cn-ha	FLAG FOR CHINA-HENAN
cn-hb	FLAG FOR CHINA-HUBEI
cn-he	FLAG FOR CHINA-HEBEI
cn-hi	FLAG FOR CHINA-HAINAN
cn-hk	FLAG FOR CHINA-HONG KONG
cn-hl	FLAG FOR CHINA-HEILONGJIANG
cn-hn	FLAG FOR CHINA-HUNAN
cn-jl	FLAG FOR CHINA-JILIN
cn-js	FLAG FOR CHINA-JIANGSU
cn-jx	FLAG FOR CHINA-JIANGXI
cn-ln	FLAG FOR CHINA-LIAONING
cn-mo	FLAG FOR CHINA-MACAO
cn-nm	FLAG FOR CHINA-NEI MONGOL
cn-nx	FLAG FOR CHINA-NINGXIA HUIZI
cn-qh	FLAG FOR CHINA-QINGHAI
cn-sc	FLAG FOR CHINA-SICHUAN
cn-sd	FLAG FOR CHINA-SHANDONG
cn-sh	FLAG FOR CHINA-SHANGHAI
cn-sn	FLAG FOR CHINA-SHAANXI
cn-sx	FLAG FOR CHINA-SHANXI
cn-tj	FLAG FOR CHINA-TIANJIN
cn-tw	FLAG FOR CHINA-TAIWAN
cn-xj	FLAG FOR CHINA-XINJIANG UYGUR
cn-xz	FLAG FOR CHINA-XIZANG
cn-yn	FLAG FOR CHINA-YUNNAN
cn-zj	FLAG FOR CHINA-ZHEJIANG

mn-1	FLAG FOR MONGOLIA-ULAANBAATAR
mn-035	FLAG FOR MONGOLIA-ORHON
mn-037	FLAG FOR MONGOLIA-DARHAN UUL
mn-039	FLAG FOR MONGOLIA-HENTIY
mn-041	FLAG FOR MONGOLIA-HOVSGOL
mn-043	FLAG FOR MONGOLIA-HOVD
mn-046	FLAG FOR MONGOLIA-UVS
mn-047	FLAG FOR MONGOLIA-TOV
mn-049	FLAG FOR MONGOLIA-SELENGE
mn-051	FLAG FOR MONGOLIA-SUHBAATAR
mn-053	FLAG FOR MONGOLIA-OMNOGOVI
mn-055	FLAG FOR MONGOLIA-OVORHANGAY
mn-057	FLAG FOR MONGOLIA-DZAVHAN
mn-059	FLAG FOR MONGOLIA-DUNDGOVI
mn-061	FLAG FOR MONGOLIA-DORNOD
mn-063	FLAG FOR MONGOLIA-DORNOGOVI
mn-064	FLAG FOR MONGOLIA-GOVI-SUMBER
mn-065	FLAG FOR MONGOLIA-GOVI-ALTAY
mn-067	FLAG FOR MONGOLIA-BULGAN
mn-069	FLAG FOR MONGOLIA-BAYANHONGOR
mn-071	FLAG FOR MONGOLIA-BAYAN-OLGIY
mn-073	FLAG FOR MONGOLIA-ARHANGAY

kp-01	FLAG FOR NORTH KOREA-PYONGYANG
kp-02	FLAG FOR NORTH KOREA-SOUTH PYONGAN
kp-03	FLAG FOR NORTH KOREA-NORTH PYONGAN
kp-04	FLAG FOR NORTH KOREA-CHAGANG
kp-05	FLAG FOR NORTH KOREA-SOUTH HWANGHAE
kp-06	FLAG FOR NORTH KOREA-NORTH HWANGHAE
kp-07	FLAG FOR NORTH KOREA-KANGWON
kp-08	FLAG FOR NORTH KOREA-SOUTH HAMGYONG
kp-09	FLAG FOR NORTH KOREA-NORTH HAMGYONG
kp-10	FLAG FOR NORTH KOREA-RYANGGANG
kp-13	FLAG FOR NORTH KOREA-RASON
kp-14	FLAG FOR NORTH KOREA-NAMPO

kr-11	FLAG FOR SOUTH KOREA-SEOUL
kr-26	FLAG FOR SOUTH KOREA-BUSAN
kr-27	FLAG FOR SOUTH KOREA-DAEGU
kr-28	FLAG FOR SOUTH KOREA-INCHEON
kr-29	FLAG FOR SOUTH KOREA-GWANGJU
kr-30	FLAG FOR SOUTH KOREA-DAEJEON
kr-31	FLAG FOR SOUTH KOREA-ULSAN
kr-41	FLAG FOR SOUTH KOREA-GYEONGGI
kr-42	FLAG FOR SOUTH KOREA-GANGWON
kr-43	FLAG FOR SOUTH KOREA-NORTH CHUNGCHEONG
kr-44	FLAG FOR SOUTH KOREA-SOUTH CHUNGCHEONG
kr-45	FLAG FOR SOUTH KOREA-NORTH JEOLLA
kr-46	FLAG FOR SOUTH KOREA-SOUTH JEOLLA
kr-47	FLAG FOR SOUTH KOREA-NORTH GYEONGSANG
kr-48	FLAG FOR SOUTH KOREA-SOUTH GYEONGSANG
kr-49	FLAG FOR SOUTH KOREA-JEJU
kr-50	FLAG FOR SOUTH KOREA-SEJONG

jp-01	FLAG FOR JAPAN-HOKKAIDO
jp-02	FLAG FOR JAPAN-AOMORI
jp-03	FLAG FOR JAPAN-IWATE
jp-04	FLAG FOR JAPAN-MIYAGI
jp-05	FLAG FOR JAPAN-AKITA
jp-06	FLAG FOR JAPAN-YAMAGATA
jp-07	FLAG FOR JAPAN-FUKUSHIMA
jp-08	FLAG FOR JAPAN-IBARAKI
jp-09	FLAG FOR JAPAN-TOCHIGI
jp-10	FLAG FOR JAPAN-GUNMA
jp-11	FLAG FOR JAPAN-SAITAMA
jp-12	FLAG FOR JAPAN-CHIBA
jp-13; jp-hnd	FLAG FOR JAPAN-TOKYO
jp-14	FLAG FOR JAPAN-KANAGAWA
jp-15	FLAG FOR JAPAN-NIIGATA
jp-16	FLAG FOR JAPAN-TOYAMA
jp-17	FLAG FOR JAPAN-ISHIKAWA
jp-18	FLAG FOR JAPAN-FUKUI
jp-19	FLAG FOR JAPAN-YAMANASHI
jp-20	FLAG FOR JAPAN-NAGANO
jp-21	FLAG FOR JAPAN-GIFU
jp-22	FLAG FOR JAPAN-SHIZUOKA
jp-23	FLAG FOR JAPAN-AICHI
jp-24	FLAG FOR JAPAN-MIE
jp-25	FLAG FOR JAPAN-SHIGA
jp-26	FLAG FOR JAPAN-KYOTO
jp-27	FLAG FOR JAPAN-OSAKA
jp-28	FLAG FOR JAPAN-HYOGO
jp-29	FLAG FOR JAPAN-NARA
jp-30	FLAG FOR JAPAN-WAKAYAMA
jp-31	FLAG FOR JAPAN-TOTTORI
jp-32	FLAG FOR JAPAN-SHIMANE
jp-33	FLAG FOR JAPAN-OKAYAMA
jp-34	FLAG FOR JAPAN-HIROSHIMA
jp-35	FLAG FOR JAPAN-YAMAGUCHI
jp-36	FLAG FOR JAPAN-TOKUSHIMA
jp-37	FLAG FOR JAPAN-KAGAWA
jp-38	FLAG FOR JAPAN-EHIME
jp-39	FLAG FOR JAPAN-KOCHI
jp-40	FLAG FOR JAPAN-FUKUOKA
jp-41	FLAG FOR JAPAN-SAGA
jp-42	FLAG FOR JAPAN-NAGASAKI
jp-43	FLAG FOR JAPAN-KUMAMOTO
jp-44	FLAG FOR JAPAN-OITA
jp-45	FLAG FOR JAPAN-MIYAZAKI
jp-46	FLAG FOR JAPAN-KAGOSHIMA
jp-47	FLAG FOR JAPAN-OKINAWA
jp-uky	FLAG FOR JAPAN-KYOTO-KYOTO
jp-itm	FLAG FOR JAPAN-OSAKA-OSAKA

tw-cha	FLAG FOR TAIWAN-CHANGHUA
tw-cyi	FLAG FOR TAIWAN-CHIAYI-CHIAYI
tw-cyq	FLAG FOR TAIWAN-CHIAYI
tw-hsq	FLAG FOR TAIWAN-HSINCHU
tw-hsz	FLAG FOR TAIWAN-HSINCHU
tw-hua	FLAG FOR TAIWAN-HUALIEN
tw-ila	FLAG FOR TAIWAN-YILAN
tw-kee	FLAG FOR TAIWAN-KEELUNG
tw-khh	FLAG FOR TAIWAN-KAOHSIUNG
tw-kin	FLAG FOR TAIWAN-KINMEN
tw-lie	FLAG FOR TAIWAN-LIENCHIANG
tw-mia	FLAG FOR TAIWAN-MIAOLI
tw-nan	FLAG FOR TAIWAN-NANTOU
tw-nwt	FLAG FOR TAIWAN-NEW TAIPEI
tw-pen	FLAG FOR TAIWAN-PENGHU
tw-pif	FLAG FOR TAIWAN-PINGTUNG
tw-tao	FLAG FOR TAIWAN-TAOYUAN
tw-tnn	FLAG FOR TAIWAN-TAINAN
tw-tpe	FLAG FOR TAIWAN-TAIPEI
tw-ttt	FLAG FOR TAIWAN-TAITUNG
tw-txg	FLAG FOR TAIWAN-TAICHUNG
tw-yun	FLAG FOR TAIWAN-YUNLIN


## EF00-EFFF	Asian Flags B

in-ap	FLAG FOR INDIA-ANDHRA PRADESH
in-ar	FLAG FOR INDIA-ARUNACHAL PRADESH
in-as	FLAG FOR INDIA-ASSAM
in-br	FLAG FOR INDIA-BIHAR
in-ct	FLAG FOR INDIA-CHHATTISGARH
in-ga	FLAG FOR INDIA-GOA
in-gj	FLAG FOR INDIA-GUJARAT
in-hr	FLAG FOR INDIA-HARYANA
in-hp	FLAG FOR INDIA-HIMACHAL PRADESH
in-jh	FLAG FOR INDIA-JHARKHAND
in-ka	FLAG FOR INDIA-KARNATAKA
in-kl	FLAG FOR INDIA-KERALA
in-mp	FLAG FOR INDIA-MADHYA PRADESH
in-mh	FLAG FOR INDIA-MAHARASHTRA
in-mn	FLAG FOR INDIA-MANIPUR
in-ml	FLAG FOR INDIA-MEGHALAYA
in-mz	FLAG FOR INDIA-MIZORAM
in-nl	FLAG FOR INDIA-NAGALAND
in-or	FLAG FOR INDIA-ORISSA ODISHA
in-pb	FLAG FOR INDIA-PUNJAB
in-rj	FLAG FOR INDIA-RAJASTHAN
in-sk	FLAG FOR INDIA-SIKKAM
in-tn	FLAG FOR INDIA-TAMIL NADU
in-tg	FLAG FOR INDIA-TELANGANA
in-tr	FLAG FOR INDIA-TRIPURA
in-ut	FLAG FOR INDIA-UTTARAKHAND
in-up	FLAG FOR INDIA-UTTAR PRADESH
in-wb	FLAG FOR INDIA-WEST BENGAL
in-an	FLAG FOR INDIA-ANDAMAN AND NICOBAR ISLANDS
in-ch	FLAG FOR INDIA-CHANDIGARH
in-dn	FLAG FOR INDIA-DADRA AND NAGAR HAVELI
in-dd	FLAG FOR INDIA-DAMAN AND DIU
in-dl	FLAG FOR INDIA-DELHI
in-jk	FLAG FOR INDIA-JAMMU AND KASHMIR
in-la	FLAG FOR INDIA-LADAKH
in-ld	FLAG FOR INDIA-LAKSHADWEEP
in-py	FLAG FOR INDIA-PUDUCHERRY
xx-romani	FLAG FOR ROMANI PEOPLE


## F000-F0FF	South American Flags

pe-lma	FLAG FOR PERU-MUNICIPALIDAD METROPOLITANA DE LIMA
pe-ama	FLAG FOR PERU-AMAZONAS
pe-anc	FLAG FOR PERU-ANCASH
pe-apu	FLAG FOR PERU-APURIMAC
pe-are	FLAG FOR PERU-AREQUIPA
pe-aya	FLAG FOR PERU-AYACUCHO
pe-caj	FLAG FOR PERU-CAJAMARCA
pe-cus	FLAG FOR PERU-CUSCO
pe-cal	FLAG FOR PERU-EL CALLAO
pe-huv	FLAG FOR PERU-HUANCAVELICA
pe-huc	FLAG FOR PERU-HUANUCO
pe-ica	FLAG FOR PERU-ICA
pe-jun	FLAG FOR PERU-JUNIN
pe-lal	FLAG FOR PERU-LA LIBERTAD
pe-lam	FLAG FOR PERU-LAMBAYEQUE
pe-lim	FLAG FOR PERU-LIMA
pe-lor	FLAG FOR PERU-LORETO
pe-mdd	FLAG FOR PERU-MADRE DE DIOS
pe-moq	FLAG FOR PERU-MOQUEGUA
pe-pas	FLAG FOR PERU-PASCO
pe-piu	FLAG FOR PERU-PIURA
pe-pun	FLAG FOR PERU-PUNO
pe-sam	FLAG FOR PERU-SAN MARTIN
pe-tac	FLAG FOR PERU-TACNA
pe-tum	FLAG FOR PERU-TUMBES
pe-uca	FLAG FOR PERU-UCAYALI

ec-a	FLAG FOR ECUADOR-AZUAY
ec-b	FLAG FOR ECUADOR-BOLIVAR
ec-c	FLAG FOR ECUADOR-CARCHI
ec-d	FLAG FOR ECUADOR-ORELLANA
ec-e	FLAG FOR ECUADOR-ESMERALDAS
ec-f	FLAG FOR ECUADOR-CANAR
ec-g	FLAG FOR ECUADOR-GUAYAS
ec-h	FLAG FOR ECUADOR-CHIMBORAZO
ec-i	FLAG FOR ECUADOR-IMBABURA
ec-l	FLAG FOR ECUADOR-LOJA
ec-m	FLAG FOR ECUADOR-MANABI
ec-n	FLAG FOR ECUADOR-NAPO
ec-o	FLAG FOR ECUADOR-EL ORO
ec-p	FLAG FOR ECUADOR-PICHINCHA
ec-r	FLAG FOR ECUADOR-LOS RIOS
ec-s	FLAG FOR ECUADOR-MORONA SANTIAGO
ec-sd	FLAG FOR ECUADOR-SANTO DOMINGO DE LOS TSACHILAS
ec-se	FLAG FOR ECUADOR-SANTA ELENA
ec-t	FLAG FOR ECUADOR-TUNGURAHUA
ec-u	FLAG FOR ECUADOR-SUCUMBIOS
ec-w	FLAG FOR ECUADOR-GALAPAGOS
ec-x	FLAG FOR ECUADOR-COTOPAXI
ec-y	FLAG FOR ECUADOR-PASTAZA
ec-z	FLAG FOR ECUADOR-ZAMORA CHINCHIPE

co-dc	FLAG FOR COLOMBIA-DISTRITO CAPITAL DE BOGOTA
co-ama	FLAG FOR COLOMBIA-AMAZONAS
co-ant	FLAG FOR COLOMBIA-ANTIOQUIA
co-ara	FLAG FOR COLOMBIA-ARAUCA
co-atl	FLAG FOR COLOMBIA-ATLANTICO
co-bol	FLAG FOR COLOMBIA-BOLIVAR
co-boy	FLAG FOR COLOMBIA-BOYACA
co-cal	FLAG FOR COLOMBIA-CALDAS
co-caq	FLAG FOR COLOMBIA-CAQUETA
co-cas	FLAG FOR COLOMBIA-CASANARE
co-cau	FLAG FOR COLOMBIA-CAUCA
co-ces	FLAG FOR COLOMBIA-CESAR
co-cor	FLAG FOR COLOMBIA-CORDOBA
co-cun	FLAG FOR COLOMBIA-CUNDINAMARCA
co-cho	FLAG FOR COLOMBIA-CHOCO
co-gua	FLAG FOR COLOMBIA-GUAINIA
co-guv	FLAG FOR COLOMBIA-GUAVIARE
co-hui	FLAG FOR COLOMBIA-HUILA
co-lag	FLAG FOR COLOMBIA-LA GUAJIRA
co-mag	FLAG FOR COLOMBIA-MAGDALENA
co-met	FLAG FOR COLOMBIA-META
co-nar	FLAG FOR COLOMBIA-NARINO
co-nsa	FLAG FOR COLOMBIA-NORTE DE SANTANDER
co-put	FLAG FOR COLOMBIA-PUTUMAYO
co-qui	FLAG FOR COLOMBIA-QUINDIO
co-ris	FLAG FOR COLOMBIA-RISARALDA
co-sap	FLAG FOR COLOMBIA-SAN ANDRES PROVIDENCIA Y SANTA CATALINA
co-san	FLAG FOR COLOMBIA-SANTANDER
co-suc	FLAG FOR COLOMBIA-SUCRE
co-tol	FLAG FOR COLOMBIA-TOLIMA
co-vac	FLAG FOR COLOMBIA-VALLE DEL CAUCA
co-vau	FLAG FOR COLOMBIA-VAUPES
co-vid	FLAG FOR COLOMBIA-VICHADA

ve-a	FLAG FOR VENEZUELA-DISTRITO CAPITAL
ve-b	FLAG FOR VENEZUELA-ANZOATEGUI
ve-c	FLAG FOR VENEZUELA-APURE
ve-d	FLAG FOR VENEZUELA-ARAGUA
ve-e	FLAG FOR VENEZUELA-BARINAS
ve-f	FLAG FOR VENEZUELA-BOLIVAR
ve-g	FLAG FOR VENEZUELA-CARABOBO
ve-h	FLAG FOR VENEZUELA-COJEDES
ve-i	FLAG FOR VENEZUELA-FALCON
ve-j	FLAG FOR VENEZUELA-GUARICO
ve-k	FLAG FOR VENEZUELA-LARA
ve-l	FLAG FOR VENEZUELA-MERIDA
ve-m	FLAG FOR VENEZUELA-MIRANDA
ve-n	FLAG FOR VENEZUELA-MONAGAS
ve-o	FLAG FOR VENEZUELA-NUEVA ESPARTA
ve-p	FLAG FOR VENEZUELA-PORTUGUESA
ve-r	FLAG FOR VENEZUELA-SUCRE
ve-s	FLAG FOR VENEZUELA-TACHIRA
ve-t	FLAG FOR VENEZUELA-TRUJILLO
ve-u	FLAG FOR VENEZUELA-YARACUY
ve-v	FLAG FOR VENEZUELA-ZULIA
ve-w	FLAG FOR VENEZUELA-DEPENDENCIAS FEDERALES
ve-x	FLAG FOR VENEZUELA-VARGAS
ve-y	FLAG FOR VENEZUELA-DELTA AMACURO
ve-z	FLAG FOR VENEZUELA-AMAZONAS

gy-ba	FLAG FOR GUYANA-BARIMA-WAINI
gy-cu	FLAG FOR GUYANA-CUYUNI-MAZARUNI
gy-de	FLAG FOR GUYANA-DEMERARA-MAHAICA
gy-eb	FLAG FOR GUYANA-EAST BERBICE-CORENTYNE
gy-es	FLAG FOR GUYANA-ESSEQUIBO ISLANDS-WEST DEMERARA
gy-ma	FLAG FOR GUYANA-MAHAICA-BERBICE
gy-pm	FLAG FOR GUYANA-POMEROON-SUPENAAM
gy-pt	FLAG FOR GUYANA-POTARO-SIPARUNI
gy-ud	FLAG FOR GUYANA-UPPER DEMERARA-BERBICE
gy-ut	FLAG FOR GUYANA-UPPER TAKUTU-UPPER ESSEQUIBO

sr-br	FLAG FOR SURINAME-BROKOPONDO
sr-cm	FLAG FOR SURINAME-COMMEWIJNE
sr-cr	FLAG FOR SURINAME-CORONIE
sr-ma	FLAG FOR SURINAME-MAROWIJNE
sr-ni	FLAG FOR SURINAME-NICKERIE
sr-pr	FLAG FOR SURINAME-PARA
sr-pm	FLAG FOR SURINAME-PARAMARIBO
sr-sa	FLAG FOR SURINAME-SARAMACCA
sr-si	FLAG FOR SURINAME-SIPALIWINI
sr-wa	FLAG FOR SURINAME-WANICA

br-ac	FLAG FOR BRAZIL-ACRE
br-al	FLAG FOR BRAZIL-ALAGOAS
br-ap	FLAG FOR BRAZIL-AMAPA
br-am	FLAG FOR BRAZIL-AMAZONAS
br-ba	FLAG FOR BRAZIL-BAHIA
br-ce	FLAG FOR BRAZIL-CEARA
br-df	FLAG FOR BRAZIL-DISTRITO FEDERAL
br-es	FLAG FOR BRAZIL-ESPIRITO SANTO
br-go	FLAG FOR BRAZIL-GOIAS
br-ma	FLAG FOR BRAZIL-MARANHAO
br-mt	FLAG FOR BRAZIL-MATO GROSSO
br-ms	FLAG FOR BRAZIL-MATO GROSSO DO SUL
br-mg	FLAG FOR BRAZIL-MINAS GERAIS
br-pa	FLAG FOR BRAZIL-PARA
br-pb	FLAG FOR BRAZIL-PARAIBA
br-pr	FLAG FOR BRAZIL-PARANA
br-pe	FLAG FOR BRAZIL-PERNAMBUCO
br-pi	FLAG FOR BRAZIL-PIAUI
br-rj	FLAG FOR BRAZIL-RIO DE JANEIRO
br-rn	FLAG FOR BRAZIL-RIO GRANDE DO NORTE
br-rs	FLAG FOR BRAZIL-RIO GRANDE DO SUL
br-ro	FLAG FOR BRAZIL-RONDONIA
br-rr	FLAG FOR BRAZIL-RORAIMA
br-sc	FLAG FOR BRAZIL-SANTA CATARINA
br-sp	FLAG FOR BRAZIL-SAO PAULO
br-se	FLAG FOR BRAZIL-SERGIPE
br-to	FLAG FOR BRAZIL-TOCANTINS

bo-b	FLAG FOR BOLIVIA-EL BENI
bo-c	FLAG FOR BOLIVIA-COCHABAMBA
bo-h	FLAG FOR BOLIVIA-CHUQUISACA
bo-l	FLAG FOR BOLIVIA-LA PAZ
bo-n	FLAG FOR BOLIVIA-PANDO
bo-o	FLAG FOR BOLIVIA-ORURO
bo-p	FLAG FOR BOLIVIA-POTOSI
bo-s	FLAG FOR BOLIVIA-SANTA CRUZ
bo-t	FLAG FOR BOLIVIA-TARIJA

xx-wiphala-qullasuyu	WIPHALA FOR QULLASUYU
xx-wiphala-kuntisuyu	WIPHALA FOR KUNTISUYU
xx-wiphala-chinchaysuyu	WIPHALA FOR CHINCHAYSUYU
xx-wiphala-antisuyu-1	WIPHALA FOR ANTISUYU-1
xx-wiphala-antisuyu-2	WIPHALA FOR ANTISUYU-2
xx-wiphala-tupac-katari	WIPHALA FOR TUPAC KATARI

cl-ta	FLAG FOR CHILE-TARAPACA
cl-an	FLAG FOR CHILE-ANTOFAGASTA
cl-at	FLAG FOR CHILE-ATACAMA
cl-co	FLAG FOR CHILE-COQUIMBO
cl-vs	FLAG FOR CHILE-VALPARAISO
cl-li	FLAG FOR CHILE-LIBERTADOR GENERAL BERNARDO O-HIGGINS
cl-ml	FLAG FOR CHILE-MAULE
cl-bi	FLAG FOR CHILE-BIOBIO
cl-ar	FLAG FOR CHILE-LA ARAUCANIA
cl-ll	FLAG FOR CHILE-LOS LAGOS
cl-ai	FLAG FOR CHILE-AISEN DEL GENERAL CARLOS IBANEZ DEL CAMPO
cl-ma	FLAG FOR CHILE-MAGALLANES
cl-rm	FLAG FOR CHILE-REGION METROPOLITANA DE SANTIAGO
cl-lr	FLAG FOR CHILE-LOS RIOS
cl-ap	FLAG FOR CHILE-ARICA Y PARINACOTA
cl-nb	FLAG FOR CHILE-NUBLE

ar-a	FLAG FOR ARGENTINA-SALTA
ar-b	FLAG FOR ARGENTINA-BUENOS AIRES
ar-c	FLAG FOR ARGENTINA-CIUDAD AUTONOMA DE BUENOS AIRES
ar-d	FLAG FOR ARGENTINA-SAN LUIS
ar-e	FLAG FOR ARGENTINA-ENTRE RIOS
ar-f	FLAG FOR ARGENTINA-LA RIOJA
ar-g	FLAG FOR ARGENTINA-SANTIAGO DEL ESTERO
ar-h	FLAG FOR ARGENTINA-CHACO
ar-j	FLAG FOR ARGENTINA-SAN JUAN
ar-k	FLAG FOR ARGENTINA-CATAMARCA
ar-l	FLAG FOR ARGENTINA-LA PAMPA
ar-m	FLAG FOR ARGENTINA-MENDOZA
ar-n	FLAG FOR ARGENTINA-MISIONES
ar-p	FLAG FOR ARGENTINA-FORMOSA
ar-q	FLAG FOR ARGENTINA-NEUQUEN
ar-r	FLAG FOR ARGENTINA-RIO NEGRO
ar-s	FLAG FOR ARGENTINA-SANTA FE
ar-t	FLAG FOR ARGENTINA-TUCUMAN
ar-u	FLAG FOR ARGENTINA-CHUBUT
ar-v	FLAG FOR ARGENTINA-TIERRA DEL FUEGO
ar-w	FLAG FOR ARGENTINA-CORRIENTES
ar-x	FLAG FOR ARGENTINA-CORDOBA
ar-y	FLAG FOR ARGENTINA-JUJUY
ar-z	FLAG FOR ARGENTINA-SANTA CRUZ

py-asu	FLAG FOR PARAGUAY-ASUNCION
py-1	FLAG FOR PARAGUAY-CONCEPCION
py-2	FLAG FOR PARAGUAY-SAN PEDRO
py-3	FLAG FOR PARAGUAY-CORDILLERA
py-4	FLAG FOR PARAGUAY-GUAIRA
py-5	FLAG FOR PARAGUAY-CAAGUAZU
py-6	FLAG FOR PARAGUAY-CAAZAPA
py-7	FLAG FOR PARAGUAY-ITAPUA
py-8	FLAG FOR PARAGUAY-MISIONES
py-9	FLAG FOR PARAGUAY-PARAGUARI
py-10	FLAG FOR PARAGUAY-ALTO PARANA
py-11	FLAG FOR PARAGUAY-CENTRAL
py-12	FLAG FOR PARAGUAY-NEEMBUCU
py-13	FLAG FOR PARAGUAY-AMAMBAY
py-14	FLAG FOR PARAGUAY-CANINDEYU
py-15	FLAG FOR PARAGUAY-PRESIDENTE HAYES
py-16	FLAG FOR PARAGUAY-ALTO PARAGUAY
py-19	FLAG FOR PARAGUAY-BOQUERON

uy-ar	FLAG FOR URUGUAY-ARTIGAS
uy-ca	FLAG FOR URUGUAY-CANELONES
uy-cl	FLAG FOR URUGUAY-CERRO LARGO
uy-co	FLAG FOR URUGUAY-COLONIA
uy-du	FLAG FOR URUGUAY-DURAZNO
uy-fs	FLAG FOR URUGUAY-FLORES
uy-fd	FLAG FOR URUGUAY-FLORIDA
uy-la	FLAG FOR URUGUAY-LAVALLEJA
uy-ma	FLAG FOR URUGUAY-MALDONADO
uy-mo	FLAG FOR URUGUAY-MONTEVIDEO
uy-pa	FLAG FOR URUGUAY-PAYSANDU
uy-rn	FLAG FOR URUGUAY-RIO NEGRO
uy-rv	FLAG FOR URUGUAY-RIVERA
uy-ro	FLAG FOR URUGUAY-ROCHA
uy-sa	FLAG FOR URUGUAY-SALTO
uy-sj	FLAG FOR URUGUAY-SAN JOSE
uy-so	FLAG FOR URUGUAY-SORIANO
uy-ta	FLAG FOR URUGUAY-TACUAREMBO
uy-tt	FLAG FOR URUGUAY-TREINTA Y TRES


## F100-F1FF	African Flags

eg-dk	FLAG FOR EGYPT-DAKAHLIA
eg-ba	FLAG FOR EGYPT-RED SEA
eg-bh	FLAG FOR EGYPT-BEHEIRA
eg-fym	FLAG FOR EGYPT-FAIYUM
eg-gh	FLAG FOR EGYPT-GHARBIA
eg-alx	FLAG FOR EGYPT-ALEXANDRIA
eg-is	FLAG FOR EGYPT-ISMAILIA
eg-gz	FLAG FOR EGYPT-GIZA
eg-mnf	FLAG FOR EGYPT-MONUFIA
eg-mn	FLAG FOR EGYPT-MINYA
eg-c	FLAG FOR EGYPT-CAIRO
eg-kb	FLAG FOR EGYPT-QALYUBIA
eg-lx	FLAG FOR EGYPT-LUXOR
eg-wad	FLAG FOR EGYPT-NEW VALLEY
eg-suz	FLAG FOR EGYPT-SUEZ
eg-shr	FLAG FOR EGYPT-AL SHARQIA
eg-asn	FLAG FOR EGYPT-ASWAN
eg-ast	FLAG FOR EGYPT-ASYUT
eg-bns	FLAG FOR EGYPT-BENI SUEF
eg-pts	FLAG FOR EGYPT-PORT SAID
eg-dt	FLAG FOR EGYPT-DAMIETTA
eg-js	FLAG FOR EGYPT-SOUTH SINAI
eg-kfs	FLAG FOR EGYPT-KAFR EL-SHEIKH
eg-mt	FLAG FOR EGYPT-MATROUH
eg-kn	FLAG FOR EGYPT-QENA
eg-sin	FLAG FOR EGYPT-NORTH SINAI
eg-shg	FLAG FOR EGYPT-SOHAG

km-a	FLAG FOR COMOROS-ANJOUAN
km-g	FLAG FOR COMOROS-GRANDE COMORE
km-m	FLAG FOR COMOROS-MOHELI

xx-wakanda	FLAG FOR WAKANDA


## F200-F2FF	Oceanic Flags

# Australasia

au-nsw; au-ns	FLAG FOR AUSTRALIA-NEW SOUTH WALES
au-qld; au-ql	FLAG FOR AUSTRALIA-QUEENSLAND
au-sa	FLAG FOR AUSTRALIA-SOUTH AUSTRALIA
au-tas; au-ts	FLAG FOR AUSTRALIA-TASMANIA
au-vic; au-vi	FLAG FOR AUSTRALIA-VICTORIA
au-wa	FLAG FOR AUSTRALIA-WESTERN AUSTRALIA
au-act; au-ct	FLAG FOR AUSTRALIA-AUSTRALIAN CAPITAL TERRITORY
au-nt	FLAG FOR AUSTRALIA-NORTHERN TERRITORY
au-aboriginal	AUSTRALIAN ABORIGINAL FLAG

nz-auk	FLAG FOR NEW ZEALAND-AUCKLAND
nz-bop	FLAG FOR NEW ZEALAND-BAY OF PLENTY
nz-can	FLAG FOR NEW ZEALAND-CANTERBURY
nz-gis	FLAG FOR NEW ZEALAND-GISBORNE
nz-hkb	FLAG FOR NEW ZEALAND-HAWKES BAY
nz-mbh	FLAG FOR NEW ZEALAND-MARLBOROUGH
nz-mwt	FLAG FOR NEW ZEALAND-MANAWATU
nz-nsn	FLAG FOR NEW ZEALAND-NELSON
nz-ntl	FLAG FOR NEW ZEALAND-NORTHLAND
nz-ota	FLAG FOR NEW ZEALAND-OTAGO
nz-stl	FLAG FOR NEW ZEALAND-SOUTHLAND
nz-tas	FLAG FOR NEW ZEALAND-TASMAN
nz-tki	FLAG FOR NEW ZEALAND-TARANAKI
nz-wko	FLAG FOR NEW ZEALAND-WAIKATO
nz-wgn	FLAG FOR NEW ZEALAND-WELLINGTON
nz-wtc	FLAG FOR NEW ZEALAND-WEST COAST
nz-cit	FLAG FOR NEW ZEALAND-CHATHAM ISLANDS
nz-laserkiwi	FLAG FOR NEW ZEALAND-LASER KIWI PROPOSAL
nz-krikienoid	FLAG FOR NEW ZEALAND-KRIKIENOID PROPOSAL

# Melanesia

pg-ncd	FLAG FOR PAPUA NEW GUINEA-NATIONAL CAPITAL DISTRICT
pg-cpm	FLAG FOR PAPUA NEW GUINEA-CENTRAL
pg-cpk	FLAG FOR PAPUA NEW GUINEA-CHIMBU
pg-ehg	FLAG FOR PAPUA NEW GUINEA-EASTERN HIGHLANDS
pg-ebr	FLAG FOR PAPUA NEW GUINEA-EAST NEW BRITAIN
pg-esw	FLAG FOR PAPUA NEW GUINEA-EAST SEPIK
pg-epw	FLAG FOR PAPUA NEW GUINEA-ENGA
pg-gpk	FLAG FOR PAPUA NEW GUINEA-GULF
pg-hla	FLAG FOR PAPUA NEW GUINEA-HELA
pg-jwk	FLAG FOR PAPUA NEW GUINEA-JIWAKA
pg-mpm	FLAG FOR PAPUA NEW GUINEA-MADANG
pg-mrl	FLAG FOR PAPUA NEW GUINEA-MANUS
pg-mba	FLAG FOR PAPUA NEW GUINEA-MILNE BAY
pg-mpl	FLAG FOR PAPUA NEW GUINEA-MOROBE
pg-nik	FLAG FOR PAPUA NEW GUINEA-NEW IRELAND
pg-npp	FLAG FOR PAPUA NEW GUINEA-NORTHERN
pg-san	FLAG FOR PAPUA NEW GUINEA-WEST SEPIK
pg-shm	FLAG FOR PAPUA NEW GUINEA-SOUTHERN HIGHLANDS
pg-wpd	FLAG FOR PAPUA NEW GUINEA-WESTERN
pg-whm	FLAG FOR PAPUA NEW GUINEA-WESTERN HIGHLANDS
pg-wbk	FLAG FOR PAPUA NEW GUINEA-WEST NEW BRITAIN
pg-nsb; pg-nsa	FLAG FOR PAPUA NEW GUINEA-BOUGAINVILLE

fj-c	FLAG FOR FIJI-CENTRAL
fj-e	FLAG FOR FIJI-EASTERN
fj-n	FLAG FOR FIJI-NORTHERN
fj-w	FLAG FOR FIJI-WESTERN
fj-r	FLAG FOR FIJI-ROTUMA

fj-01	FLAG FOR FIJI-BA
fj-02	FLAG FOR FIJI-BUA
fj-03	FLAG FOR FIJI-CAKAUDROVE
fj-04	FLAG FOR FIJI-KADAVU
fj-05	FLAG FOR FIJI-LAU
fj-06	FLAG FOR FIJI-LOMAIVITI
fj-07	FLAG FOR FIJI-MACUATA
fj-08	FLAG FOR FIJI-NADROGA AND NAVOSA
fj-09	FLAG FOR FIJI-NAITASIRI
fj-10	FLAG FOR FIJI-NAMOSI
fj-11	FLAG FOR FIJI-RA
fj-12	FLAG FOR FIJI-REWA
fj-13	FLAG FOR FIJI-SERUA
fj-14	FLAG FOR FIJI-TAILEVU

sb-ct	FLAG FOR SOLOMON ISLANDS-CAPITAL TERRITORY
sb-ce	FLAG FOR SOLOMON ISLANDS-CENTRAL
sb-ch	FLAG FOR SOLOMON ISLANDS-CHOISEUL
sb-gu	FLAG FOR SOLOMON ISLANDS-GUADALCANAL
sb-is	FLAG FOR SOLOMON ISLANDS-ISABEL
sb-mk	FLAG FOR SOLOMON ISLANDS-MAKIRA-ULAWA
sb-ml	FLAG FOR SOLOMON ISLANDS-MALAITA
sb-rb	FLAG FOR SOLOMON ISLANDS-RENNELL AND BELLONA
sb-te	FLAG FOR SOLOMON ISLANDS-TEMOTU
sb-we	FLAG FOR SOLOMON ISLANDS-WESTERN

vu-map	FLAG FOR VANUATU-MALAMPA
vu-pam	FLAG FOR VANUATU-PENAMA
vu-sam	FLAG FOR VANUATU-SANMA
vu-see	FLAG FOR VANUATU-SHEFA
vu-tae	FLAG FOR VANUATU-TAFEA
vu-tob	FLAG FOR VANUATU-TORBA

# Polynesia

ws-aa	FLAG FOR WESTERN SAMOA-AANA
ws-al	FLAG FOR WESTERN SAMOA-AIGA-I-LE-TAI
ws-at	FLAG FOR WESTERN SAMOA-ATUA
ws-fa	FLAG FOR WESTERN SAMOA-FAASALELEAGA
ws-ge	FLAG FOR WESTERN SAMOA-GAGAEMAUGA
ws-gi	FLAG FOR WESTERN SAMOA-GAGAIFOMAUGA
ws-pa	FLAG FOR WESTERN SAMOA-PALAULI
ws-sa	FLAG FOR WESTERN SAMOA-SATUPAITEA
ws-tu	FLAG FOR WESTERN SAMOA-TUAMASAGA
ws-vf	FLAG FOR WESTERN SAMOA-VAA-O-FONOTI
ws-vs	FLAG FOR WESTERN SAMOA-VAISIGANO

to-01	FLAG FOR TONGA-EUA
to-02	FLAG FOR TONGA-HAAPAI
to-03	FLAG FOR TONGA-NIUAS
to-04	FLAG FOR TONGA-TONGATAPU
to-05	FLAG FOR TONGA-VAVAU

tv-fun	FLAG FOR TUVALU-FUNAFUTI
tv-nmg	FLAG FOR TUVALU-NANUMAGA
tv-nma	FLAG FOR TUVALU-NANUMEA
tv-nit	FLAG FOR TUVALU-NIUTAO
tv-nui	FLAG FOR TUVALU-NUI
tv-nkf	FLAG FOR TUVALU-NUKUFETAU
tv-nkl	FLAG FOR TUVALU-NUKULAELAE
tv-vai	FLAG FOR TUVALU-VAITUPU

wf-al	FLAG FOR WALLIS AND FUTUNA-ALO
wf-sg	FLAG FOR WALLIS AND FUTUNA-SIGAVE
wf-uv	FLAG FOR WALLIS AND FUTUNA-UVEA

# Micronesia

fm-trk	FLAG FOR MICRONESIA-CHUUK
fm-ksa	FLAG FOR MICRONESIA-KOSRAE
fm-pni	FLAG FOR MICRONESIA-POHNPEI
fm-yap	FLAG FOR MICRONESIA-YAP

ki-g	FLAG FOR KIRIBATI-GILBERT ISLANDS
ki-l	FLAG FOR KIRIBATI-LINE ISLANDS
ki-p	FLAG FOR KIRIBATI-PHOENIX ISLANDS

mh-l	FLAG FOR MARSHALL ISLANDS-RALIK CHAIN
mh-t	FLAG FOR MARSHALL ISLANDS-RATAK CHAIN
mh-all	FLAG FOR MARSHALL ISLANDS-AILINGLAPLAP
mh-alk	FLAG FOR MARSHALL ISLANDS-AILUK
mh-arn	FLAG FOR MARSHALL ISLANDS-ARNO
mh-aur	FLAG FOR MARSHALL ISLANDS-AUR
mh-kil	FLAG FOR MARSHALL ISLANDS-BIKINI AND KILI
mh-ebo	FLAG FOR MARSHALL ISLANDS-EBON
mh-eni	FLAG FOR MARSHALL ISLANDS-ENEWETAK AND UJELANG
mh-jab	FLAG FOR MARSHALL ISLANDS-JABAT
mh-jal	FLAG FOR MARSHALL ISLANDS-JALUIT
mh-kwa	FLAG FOR MARSHALL ISLANDS-KWAJALEIN
mh-lae	FLAG FOR MARSHALL ISLANDS-LAE
mh-lib	FLAG FOR MARSHALL ISLANDS-LIB
mh-lik	FLAG FOR MARSHALL ISLANDS-LIKIEP
mh-maj	FLAG FOR MARSHALL ISLANDS-MAJURO
mh-mal	FLAG FOR MARSHALL ISLANDS-MALOELAP
mh-mej	FLAG FOR MARSHALL ISLANDS-MEJIT
mh-mil	FLAG FOR MARSHALL ISLANDS-MILI
mh-nmk	FLAG FOR MARSHALL ISLANDS-NAMDRIK
mh-nmu	FLAG FOR MARSHALL ISLANDS-NAMU
mh-ron	FLAG FOR MARSHALL ISLANDS-RONGELAP
mh-uja	FLAG FOR MARSHALL ISLANDS-UJAE
mh-uti	FLAG FOR MARSHALL ISLANDS-UTRIK
mh-wth	FLAG FOR MARSHALL ISLANDS-WOTHO
mh-wtj	FLAG FOR MARSHALL ISLANDS-WOTJE

pw-002	FLAG FOR PALAU-AIMELIIK
pw-004	FLAG FOR PALAU-AIRAI
pw-010	FLAG FOR PALAU-ANGUAR
pw-050	FLAG FOR PALAU-HATOHOBEI
pw-100	FLAG FOR PALAU-KAYANGEL
pw-150	FLAG FOR PALAU-KOROR
pw-212	FLAG FOR PALAU-MELEKEOK
pw-214	FLAG FOR PALAU-NGARAARD
pw-218	FLAG FOR PALAU-NGARCHELONG
pw-222	FLAG FOR PALAU-NGARDMAU
pw-224	FLAG FOR PALAU-NGATPANG
pw-226	FLAG FOR PALAU-NGCHESAR
pw-227	FLAG FOR PALAU-NGEREMLENGUI
pw-228	FLAG FOR PALAU-NGIWAL
pw-350	FLAG FOR PALAU-PELELIU
pw-370	FLAG FOR PALAU-SONSOROL

nr-01	FLAG FOR NAURU-AIWO
nr-02	FLAG FOR NAURU-ANABAR
nr-03	FLAG FOR NAURU-ANETAN
nr-04	FLAG FOR NAURU-ANIBARE
nr-05	FLAG FOR NAURU-BAITSI
nr-06	FLAG FOR NAURU-BOE
nr-07	FLAG FOR NAURU-BUADA
nr-08	FLAG FOR NAURU-DENIGOMODU
nr-09	FLAG FOR NAURU-EWA
nr-10	FLAG FOR NAURU-IJUW
nr-11	FLAG FOR NAURU-MENENG
nr-12	FLAG FOR NAURU-NIBOK
nr-13	FLAG FOR NAURU-UABOE
nr-14	FLAG FOR NAURU-YAREN


## F300-F3FF	Miscellaneous Subdivision Flags

aq-smith; xx-aq-smith	FLAG FOR ANTARCTICA-WHITNEY SMITH PROPOSAL
aq-bartram; xx-aq-bartram	FLAG FOR ANTARCTICA-GRAHAM BARTRAM PROPOSAL
aq-emblem; xx-aq-emblem	FLAG FOR ANTARCTICA-ANTARCTIC TREATY SYSTEM
az-artsakh; xx-artsakh	FLAG FOR ARTSAKH
ge-abkhazia; xx-abkhazia	FLAG FOR ABKHAZIA
ge-southossetia; xx-southossetia	FLAG FOR SOUTH OSSETIA
gp-black	FLAG FOR GUADELOUPE-BLACK LOCAL VARIANT
gp-red	FLAG FOR GUADELOUPE-RED LOCAL VARIANT
gp-uplg	FLAG FOR PEOPLES UNION FOR THE LIBERATION OF GUADELOUPE
md-transnistria; xx-transnistria	FLAG FOR TRANSNISTRIA
so-somaliland; xx-somaliland	FLAG FOR SOMALILAND
sy-snc; xx-sy-snc	FLAG FOR SYRIAN NATIONAL COALITION
xx-kurdistan	FLAG FOR KURDISTAN
xx-northpole	FLAG FOR NORTH POLE
xx-refugeenation	FLAG FOR REFUGEE NATION

xx-int-africanunion	FLAG FOR AFRICAN UNION
xx-int-arableague	FLAG FOR ARAB LEAGUE
xx-int-aec	FLAG FOR ASSOCIATION OF CARIBBEAN STATES
xx-int-asean	FLAG FOR ASSOCIATION OF SOUTHEAST ASIAN NATIONS
xx-int-cis	FLAG FOR COMMONWEALTH OF INDEPENDENT STATES
xx-int-commonwealth	FLAG FOR COMMONWEALTH OF NATIONS
xx-int-nato	FLAG FOR NORTH ATLANTIC TREATY ORGANIZATION
xx-int-norden	FLAG FOR NORDIC COUNCIL
xx-int-pacific	FLAG FOR PACIFIC COMMUNITY
xx-int-saarc	FLAG FOR SOUTH ASIAN ASSOCIATION FOR REGIONAL COOPERATION
xx-int-ots	FLAG FOR ORGANIZATION OF TURKIC STATES


## F400-F4FF	Constructed Language Flags

xx-conlang	CONLANG FLAG
xx-conlang-bolak	FLAG FOR BOLAK
xx-conlang-esperanto	FLAG FOR ESPERANTO
xx-conlang-glosa	FLAG FOR GLOSA
xx-conlang-ido	FLAG FOR IDO
xx-conlang-interlingua	FLAG FOR INTERLINGUA
xx-conlang-interlingue	FLAG FOR INTERLINGUE
xx-conlang-lfn	FLAG FOR LINGUA FRANCA NOVA
xx-conlang-lojban	FLAG FOR LOJBAN
xx-conlang-novial	FLAG FOR NOVIAL
xx-conlang-pandunia	FLAG FOR PANDUNIA
xx-conlang-volapuk	FLAG FOR VOLAPUK
xx-conlang-klingon	FLAG FOR KLINGON
xx-conlang-votgil	FLAG FOR VOTGIL


## F500-F5FF	Pride Flags

xx-pride-lgbt	RAINBOW FLAG
xx-pride-lgbt-7band	RAINBOW FLAG WITH SEVEN BANDS
xx-pride-lgbt-8band	RAINBOW FLAG WITH EIGHT BANDS
xx-pride-lgbt-us	RAINBOW FLAG FOR UNITED STATES
xx-pride-lgbt-us-co	RAINBOW FLAG FOR COLORADO
xx-pride-lgbt-us-phl	RAINBOW FLAG FOR PHILADELPHIA
xx-pride-lgbt-progress	PROGRESS RAINBOW FLAG
xx-pride-lgbt-za	RAINBOW FLAG FOR SOUTH AFRICA
xx-pride-lgbt-tw	RAINBOW FLAG FOR TAIWAN
xx-pride-lgbt-9band	RAINBOW FLAG WITH NINE BANDS
xx-pride-lgbt-gb; xx-pride-lgbt-uk	PRIDE FLAG FOR UNITED KINGDOM
xx-pride-lgbt-hk	RAINBOW FLAG FOR HONG KONG
xx-pride-lgbt-ca	RAINBOW FLAG FOR CANADA
xx-pride-lgbt-progress-2021	PROGRESS RAINBOW FLAG-2021
xx-pride-lgbt-br	RAINBOW FLAG FOR BRAZIL
xx-pride-lgbt-il	RAINBOW FLAG FOR ISRAEL

xx-pride-asexual	ASEXUAL PRIDE FLAG
xx-pride-lesbian-1	LESBIAN PRIDE FLAG-1
xx-pride-gay-male-1	GAY MALE PRIDE FLAG-1
xx-pride-bisexual	BISEXUAL PRIDE FLAG
xx-pride-pansexual	PANSEXUAL PRIDE FLAG
xx-pride-polysexual	POLYSEXUAL PRIDE FLAG
xx-pride-demisexual	DEMISEXUAL PRIDE FLAG
xx-pride-lesbian-2	LESBIAN PRIDE FLAG-2
xx-pride-lesbian-3	LESBIAN PRIDE FLAG-3
xx-pride-lesbian-4	LESBIAN PRIDE FLAG-4
xx-pride-lesbian-5	LESBIAN PRIDE FLAG-5
xx-pride-lesbian-6	LESBIAN PRIDE FLAG-6
xx-pride-aromantic	AROMANTIC PRIDE FLAG
xx-pride-demiromantic	DEMIROMANTIC PRIDE FLAG
xx-pride-gay-male-2	GAY MALE PRIDE FLAG-2
xx-pride-gay-male-3	GAY MALE PRIDE FLAG-3

xx-pride-trans	TRANSGENDER PRIDE FLAG
xx-pride-trans-il	TRANSGENDER PRIDE FLAG FOR ISRAEL

xx-pride-agender	AGENDER PRIDE FLAG
xx-pride-female	FEMALE PRIDE FLAG
xx-pride-male	MALE PRIDE FLAG
xx-pride-androgyne	ANDROGYNE PRIDE FLAG
xx-pride-bigender-1	BIGENDER PRIDE FLAG-1
xx-pride-genderfluid	GENDERFLUID PRIDE FLAG
xx-pride-genderqueer	GENDERQUEER PRIDE FLAG
xx-pride-nonbinary	NON-BINARY PRIDE FLAG
xx-pride-neutrois	NEUTROIS PRIDE FLAG
xx-pride-demigirl	DEMIGIRL PRIDE FLAG
xx-pride-demiboy	DEMIBOY PRIDE FLAG
xx-pride-genderflux	GENDERFLUX PRIDE FLAG
xx-pride-bigender-2	BIGENDER PRIDE FLAG-2
xx-pride-bigender-3	BIGENDER PRIDE FLAG-3
xx-pride-littleender	LITTLEENDER PRIDE FLAG

xx-pride-intersex-1	INTERSEX PRIDE FLAG-1
xx-pride-intersex-2	INTERSEX PRIDE FLAG-2

xx-pride-bear	BEAR PRIDE FLAG
xx-pride-lipstick-1	LIPSTICK LESBIAN PRIDE FLAG-1
xx-pride-twink	TWINK PRIDE FLAG
xx-pride-lipstick-2	LIPSTICK LESBIAN PRIDE FLAG-2

xx-pride-leather	LEATHER PRIDE FLAG
xx-pride-poly	POLYAMORY PRIDE FLAG
xx-pride-bdsm	BDSM PRIDE FLAG
xx-pride-rubber	RUBBER PRIDE FLAG
xx-pride-ownership	OWNERSHIP PRIDE FLAG
xx-pride-master-slave	MASTER-SLAVE PRIDE FLAG
xx-pride-fat-fetish	FAT FETISH FLAG

xx-pride-ally	ALLY PRIDE FLAG
xx-pride-heterosexual	HETEROSEXUAL PRIDE FLAG

xx-aristasia	FLAG FOR ARISTASIA

xx-pride-diamoric	DIAMORIC PRIDE FLAG
xx-pride-sapphic	SAPPHIC PRIDE FLAG
xx-pride-achillean	ACHILLEAN PRIDE FLAG
xx-pride-omnisexual	OMNISEXUAL PRIDE FLAG
xx-pride-abrosexual	ABROSEXUAL PRIDE FLAG
xx-pride-aroace	AROACE PRIDE FLAG
xx-pride-greysexual	GREYSEXUAL PRIDE FLAG
xx-pride-proculsexual	PROCULSEXUAL PRIDE FLAG
xx-pride-aegosexual	AEGOSEXUAL PRIDE FLAG

xx-pride-dollgender	DOLLGENDER PRIDE FLAG

xx-christian	CHRISTIAN FLAG

xx-blm	BLACK LIVES MATTER FLAG
xx-pan-african	PAN-AFRICAN FLAG

xx-pride-lgbt-crab	RAINBOW FLAG WITH COOL CRAB
xx-pride-trans-crab	TRANSGENDER PRIDE FLAG WITH COOL CRAB


## F600-F6FF	Sports Flags

xx-racing-start	RACING FLAG FOR START OF RACE
xx-racing-caution	RACING FLAG FOR CAUTION
xx-racing-hazard	RACING FLAG FOR HAZARD ON TRACK
xx-racing-pit-closed	RACING FLAG FOR PIT LANE CLOSED
xx-racing-stop	RACING FLAG FOR RACE STOPPED OR DELAYED
xx-racing-code-60	RACING FLAG FOR CODE-60
xx-racing-slow-vehicle	RACING FLAG FOR SLOW VEHICLE ON TRACK OR FINAL LAP
xx-racing-final-lap	RACING FLAG FOR FINAL LAP OR AMBULANCE ON COURSE
xx-racing-return	RACING FLAG FOR RETURN TO PITS FOR PENALTY OR DISQUALIFICATION
xx-racing-return-service	RACING FLAG FOR RETURN TO PITS TO SERVICE A MECHANICAL PROBLEM
xx-racing-unsportsmanlike	RACING FLAG FOR UNSPORTSMANLIKE CONDUCT
xx-racing-not-scored	RACING FLAG FOR NO LONGER BEING SCORED
xx-racing-faster-car-1	RACING FLAG FOR FASTER CAR APPROACHING-FIA
xx-racing-faster-car-2	RACING FLAG FOR FASTER CAR APPROACHING-NASCAR
xx-racing-finish-stage	RACING FLAG FOR STAGE FINISHED
xx-racing-finish	RACING FLAG FOR RACE FINISHED
xx-racing-ambulance	RACING FLAG FOR MEDICAL ATTENTION REQUIRED OR AMBULANCE ON COURSE
xx-racing-precipitation	RACING FLAG FOR PRECIPITATION
xx-racing-leave-course	RACING FLAG FOR LEAVE COURSE
xx-racing-faster-motorcycle	RACING FLAG FOR FASTER MOTORCYCLE APPROACHING
xx-racing-visibility	RACING FLAG FOR POOR VISIBILITY AHEAD
xx-racing-sun	RACING FLAG FOR GLARE FROM SUN AHEAD


## F700-F7FF	Mika City Flags

xx-kk-mika	FLAG FOR MIKA
xx-kk-kellahanamana	FLAG FOR KELLAHANAMANA
xx-kk-kappaa	FLAG FOR KAPPAA

xx-kk-mika-tammy	TAMMY FLAG
xx-kk-mika-emily	EMILY FLAG

xx-kk-mika-annett	FLAG FOR MIKA-ANNETT-TOYNENDA FAMILY
xx-kk-mika-harrett	FLAG FOR MIKA-HARRETT FAMILY
xx-kk-mika-korra	FLAG FOR MIKA-KORRA-TEXXA FAMILY
xx-kk-mika-lyndaea	FLAG FOR MIKA-LYNDAEA FAMILY
xx-kk-mika-morra	FLAG FOR MIKA-MORRA-RYTTA FAMILY
xx-kk-mika-olla	FLAG FOR MIKA-OLLA-SENNA FAMILY

xx-kk-kappaa-ioxio	FLAG FOR KAPPAA-IOXIO FAMILY
xx-kk-kappaa-sibleck	FLAG FOR KAPPAA-SIBLECK FAMILY


## F800-F8FF	Miscellaneous Flags

xx-misc-vexillo	FLAG FOR KREATIVE VEXILLO
xx-misc-fam	FLAG FOR FAMFAMFAM

xx-misc-r-vexillology	FLAG FOR VEXILLOLOGY SUBREDDIT
xx-misc-hello-internet	FLAG FOR HELLO INTERNET PODCAST

xx-org-fiav	FLAG FOR INTERNATIONAL FEDERATION OF VEXILLOLOGICAL ASSOCIATIONS
xx-org-fotw	FLAG FOR FLAGS OF THE WORLD
xx-org-nava	FLAG FOR NORTH AMERICAN VEXILLOLOGICAL ASSOCIATION
xx-org-pfa	FLAG FOR PORTLAND FLAG ASSOCIATION

xx-pirate	PIRATE FLAG
xx-pace	PACE FLAG
xx-trains	TRAIN LANDSCAPE FLAG

xx-misc-rgb	FLAG WITH RGB COLOR BARS
xx-misc-cmyk	FLAG WITH CMYK COLOR BARS
xx-misc-ntsc	FLAG WITH NTSC COLOR BARS
xx-misc-ntscid	FLAG WITH NTSC COLOR BARS AND STATION ID BAR

xx-misc-iguana	IGUANA IGUANA POWERSURGIUS FLAG

xx-misc-cmc	CUTIE MARK DAY CAMP FLAG
xx-misc-lunanova	FLAG FOR LUNA NOVA MAGICAL ACADEMY
